neithertonpolytechnic;2000;2;CSC;202
64.4584654715
38.6641369226
77.9961651832
32.1367371237
21.4166648432
67.2706105545
14.7985682164
47.3377547543
87.057379409
78.8537705327
47.7015796681
90.0538954241
41.6449104706
28.0980301975
57.3204959598
96.0657305665
54.3202352362
48.8819127163
88.3733883721
42.7563470431
78.9113609715
92.7175059144
91.7940260537
60.022615142
82.1683875846
49.4806460419
16.0848191658
78.2546281425
81.8284568878
70.4001459344
64.5795678879
98.7601142099
53.4912656265
78.7957622338
58.5619593857
49.1352725277
95.7728213046
56.0575392343
76.8733076575
56.5903741243
86.3547905916
92.0515687462
47.4441637369
38.7841357627
11.9916522224
45.5756313835
83.8213534441
69.5622709913
74.3805534667
46.0736453588
78.9027044009
60.6275917152
63.5434092874
65.8534374878
38.1015121737
23.0037329654
99.1645865596
91.2412548524
69.9116294846
44.8747841317
13.7480982835
97.4819260935
87.5087498648
90.4522829977
95.3613693697
73.5810114948
95.5501377442
31.7852258265
19.1308964136
82.2237605498
20.0560061365
44.1053440638
95.7382025341
86.7215690169
78.4887868597
95.7341998495
60.9441788507
71.790576092
26.6048063253
78.2461842672
54.2900042835
17.1928682643
56.1445300943
70.0555658765
64.3435791291
49.81894531
66.1164833699
97.5733570846
77.184293734
93.9787087741
52.1937928547
83.0795958727
85.5269882005
96.2918924566
28.9531258639
35.1394435263
93.4917540773
76.2506349793
97.0888309568
97.015384911
