neithertonpolytechnic;2000;2;CSC;400
72.1190101186
36.8514144768
16.5342609369
86.0851072544
81.8699436298
78.2820290751
85.409112887
14.7301961819
98.3686518401
61.6008275908
15.1618917951
40.0314764168
86.1522649335
84.899964222
98.3190526707
39.426471527
77.6837377335
50.6288186557
73.6438252118
40.6144506767
90.6889152877
33.4358243398
17.466581623
72.382171809
84.0956629181
51.470831672
5.33840690484
36.4854351949
44.4446605552
75.8085621815
79.2100743532
58.8070282569
64.5914374502
75.1842898209
89.9060383282
42.2096471121
46.5258007631
22.0292916167
97.5597895155
99.6908505586
91.5457110797
98.1985996273
