neithertonpolytechnic;2000;2;CSC;302
95.9282302124
7.91502554658
53.0214162744
74.3123852271
94.4688234664
14.9416562506
24.7098210257
60.3020484842
77.4622239945
54.6042363771
87.2532636881
95.6113473285
86.8807073501
80.6742230281
83.9115352444
82.7626733202
13.883238575
40.7484784529
95.2587605815
92.3248355413
88.0564292008
91.5212545434
16.3015821202
98.6197893722
74.6519360765
92.09098018
74.570264779
90.7103206752
32.119557709
78.8834991043
60.3142834989
88.516563662
52.4756062567
81.7974284032
57.1406580764
69.2095962275
28.8173838958
65.9089767461
77.4500685594
60.386515784
93.6434833592
83.2115947254
36.4654041118
38.3587748371
65.7335804126
36.3666607901
