neithertonpolytechnic;2000;2;CSC;300
67.3723552265
48.5592757551
45.5921129011
83.5971688666
55.2494937505
33.30215905
94.9423856798
98.8596911735
61.3149569134
41.9701812718
98.7582653887
29.6606126649
84.7672390309
99.9863354666
34.9243444859
67.7214921608
76.3229521164
51.4884845832
25.8601181228
99.3645725203
29.0788290865
94.140421563
90.3675613131
52.2478117229
64.666438183
36.1122517812
74.5973367364
85.8496915695
18.6149322191
21.6279090056
91.96303819
87.5425761709
57.3841389354
85.8902234411
20.2989508477
92.6783693269
89.1115070114
8.4812424198
96.0771963947
32.4443877642
83.9175980739
51.450360014
54.2505692049
78.5863316846
66.788253844
45.1755174135
29.8254871495
91.8688886494
95.7136251468
99.9301002296
71.9808144387
60.8464372326
32.8387447717
67.8745462963
79.4227832336
81.1629700371
95.7121711632
48.1771206705
93.371924273
67.597353594
