neithertonpolytechnic;2000;2;CSC;333
95.1805494633
36.875768361
60.9711166975
97.6314681117
78.9871434552
72.4126975922
97.4313964518
71.8830499096
79.7395831083
90.525832912
7.83081358866
53.2928474949
19.8500781351
73.0973957439
83.8621570995
62.8667145983
37.5978847653
14.2018603517
30.0215151203
93.8900238724
51.9876201264
86.0496802559
93.5415671977
71.4305767876
82.495660315
64.7791130588
53.2192766256
76.3459217021
71.2461971356
72.6187366619
63.3012387441
93.9904026838
80.6001002552
35.9039952828
75.2650776616
17.6808667267
97.2079854948
44.1996193071
40.0421732314
94.6669514953
95.9847453083
88.8519884489
