neithertonpolytechnic;2000;2;CSC;201
75.8158926575
32.3504904866
77.1275832411
73.8092634014
57.7546991721
72.6746956921
65.022000882
37.68623569
97.8333679148
86.4493446252
92.1999081546
94.8173299249
95.520678108
45.0193883512
70.4456848735
96.4649944312
90.0488937374
63.2929050719
99.8789241198
80.6334826638
38.908522468
58.7574674709
94.1353756057
85.3050806178
45.3868299893
67.7815830445
64.4914703724
95.5956901759
91.5386165189
80.2531061641
12.791014237
61.7311669025
86.9868801125
82.9994274785
71.554203154
54.8005796104
56.3784405522
84.9516124965
28.6933841241
25.8847297831
50.2160580974
99.8937701232
87.7650793125
50.1814942843
92.0824299968
88.8245053781
50.4530299861
38.02082258
30.7128391055
87.2272119653
48.0194516194
69.5584084782
93.5467395174
92.0719263259
91.896459602
83.4790480441
94.3555658293
76.9907888623
69.8683429451
85.130453132
75.4936347801
46.3995480703
56.9602695617
83.2046263314
78.3225682218
75.5477676303
23.2645859127
62.127135265
52.3308605041
47.868510365
19.1571108253
55.0804074859
88.9809796436
82.8075543142
53.4515687916
98.2157916094
46.1815932499
44.9505248032
80.8384880329
97.0146274869
43.7500023959
54.0325129096
66.6702435061
90.7079450208
29.1901942488
40.0510308791
48.7464663689
49.6087344274
89.7674236224
12.2595294035
80.8676466813
75.003483197
70.6204821314
91.1149019122
96.6561409237
31.2268758422
72.2034716362
41.0376766177
86.1361049476
71.9072041528
39.5660264842
42.800183626
46.580122538
80.7899902694
