neithertonpolytechnic;2000;1;CSC;400
46.8050363392
69.4627238736
56.5145005614
40.9670389156
84.60826362
88.187778539
84.998904719
55.3068172511
45.0171083472
42.4760935705
44.6665370894
70.3699084699
89.6228448662
50.9038147592
53.815513859
82.098373948
73.2183333693
33.9001485531
86.5729592924
63.8180437128
28.2314561818
23.0685873509
55.9303271617
60.8934100731
38.5205270388
84.2163889398
51.1764880157
93.3552043683
24.1100980816
16.7620957683
88.4951422417
62.5502990376
93.430923766
85.8908046642
