neithertonpolytechnic;2000;1;CSC;300
68.8684792756
44.4904740485
32.466742738
76.1380858624
87.1946010882
6.16903792572
32.8499569688
98.9210511993
75.0796264672
87.6362813813
62.4912811172
14.0542189306
28.5709264035
61.5125372613
28.9993291932
58.5229034851
74.3165980204
89.7485363134
39.8270107289
72.9360013355
97.7066883534
29.1767806881
68.1219958069
96.0571930549
38.7506181843
41.7163618085
75.2558129478
95.9708935523
84.0556342605
62.705011819
99.7444530053
29.2281268117
65.0195777033
33.4374071941
69.9158625853
72.0108689571
73.6609121642
76.7688719345
85.9235726355
76.2565085646
21.7075730213
64.0707536302
16.5368226551
81.2918107914
83.9610852581
75.3116447981
96.9287977141
38.8229840275
85.0616745903
83.0790103788
39.0038840865
82.3496452152
83.7849540935
93.3249695386
99.9392594696
38.9080167325
74.0089330851
97.8098278545
68.2808569897
70.4075020532
91.5352698695
28.071498904
