neithertonpolytechnic;2000;1;CSC;302
82.888664025
12.0306719791
96.6736117589
15.4354143017
72.0443788724
95.6711698867
82.8492872454
13.7830492779
49.9570894745
82.4068637069
68.3634208112
32.2271574681
89.9727290788
61.3983764103
99.1340376567
67.2012058215
22.3455242896
90.3964847715
80.2779836102
77.2814258418
51.9173028818
54.0807258531
92.9245841631
73.0238986597
92.2018667324
77.511191204
3.80698952669
78.1003685126
40.6476473149
87.5068567552
66.6890684393
64.3552697176
37.7279295574
70.705951333
92.0363757623
58.0238438318
72.2885026828
70.8335033081
