neithertonpolytechnic;2000;1;CSC;105
94.0463899821
7.94429818766
34.9953066391
44.281621026
54.0034523525
90.4137539668
17.40528216
86.6107282399
49.1120089279
75.8967869696
84.8471124085
47.0502515461
82.3601940505
61.5920618033
23.4973036648
26.9797989835
65.9755216152
79.5341246887
71.0230573288
63.0452935216
98.4929271315
47.4915209302
59.9313196555
85.0418788576
73.5122021593
80.3031545723
93.7214515169
84.9931190849
87.7562367938
42.6627756094
63.2014560273
51.7661890711
82.3226644276
51.6725451438
87.7750098868
82.9048340297
93.3143775031
85.6080820897
69.9472412983
37.9396402662
86.7355452047
44.0916422113
78.6328646311
92.4709411054
85.1812176415
34.2706855163
83.0337413684
98.5322452857
42.2685290765
35.5259581127
76.6725130367
33.0515734438
32.4308954674
80.4097559467
86.7733384897
75.3839955877
47.6265213464
36.4348507432
67.8373690929
65.8156434263
91.5289423272
20.2220510999
90.4402739357
59.4923536495
82.5130221785
51.5491104424
56.1790900657
99.2810795092
71.5779616391
23.1059773372
60.9322246052
34.3528535321
62.0864695936
81.053787117
17.4586453343
85.9725769337
42.4452640414
87.4144872888
85.2238850633
63.3895868779
89.7689317616
83.3810267099
94.5067974684
92.4453046995
89.7668123343
92.2357598379
35.208449713
89.5991872823
26.7602903052
63.3972800632
96.8008637036
81.7250302561
90.6076958462
95.8295012143
49.0633662325
62.3401858729
86.3411362322
33.265555751
95.3688072919
94.6581210503
68.6655089204
17.6335319332
78.625933173
93.3524467973
94.1589548629
16.850607049
91.9227889347
54.3863082065
90.0221449678
96.4422576118
85.318437648
