neithertonpolytechnic;2001;1;CSC;202
93.8261442698
98.8532999656
30.0904189514
23.2597858062
27.0007505341
50.4135287753
82.1289749564
90.9461907556
68.2251789622
85.21443198
18.711354663
39.2648587028
86.7727173496
64.8658591085
26.9046669996
94.8988027399
94.3913870859
40.0498382016
95.5122748166
90.9305183195
56.9353475329
65.3326748301
68.330562825
99.2982960278
41.4516973303
32.3958933487
87.8034940401
52.2307272688
85.132570239
45.4142403698
27.9549616276
60.6686355976
87.6188856901
62.7930048774
97.5143279856
66.6257820961
56.8973736578
73.4488109866
50.6979576481
90.5825174045
80.5003282574
81.0547946437
74.9599559543
86.6400001988
64.217380772
41.4464769413
84.3887494936
53.6979443678
64.3533837114
97.7775988356
80.514197702
61.7195249946
81.3825809256
38.2016253939
72.1616666975
91.9004403907
99.0441884696
95.4428962423
92.3952645879
90.0869337192
64.0990464946
89.4072000708
62.7088781243
43.7555776877
61.9949008439
65.5904081568
83.8272481377
67.8158648018
40.401620048
77.4173812741
57.5256926238
72.1654062902
31.6182837037
60.1166590745
50.5252346402
88.5373005546
48.8821626736
69.3616003945
26.3666718672
62.0414942137
30.4525458302
99.4226441779
92.2974275128
80.792749052
53.6425917079
51.5552525583
93.9913323346
51.1998543355
44.5154470563
88.452607959
51.7871294907
19.8820740969
89.792788137
92.1171652235
79.2551863794
58.6251867068
73.0894080507
21.4577235706
80.7777292943
72.7954980739
90.9554018372
57.8451573419
30.9199229317
64.4566561742
87.4638394661
86.6402031191
57.9086720326
99.2343935513
62.60810871
89.3156295976
74.7885637475
60.5283047224
13.2774231667
95.7304159578
69.8013190409
59.6822635445
91.1568330579
