neithertonpolytechnic;2001;2;CSC;400
86.0059812848
36.1124792743
98.2228244027
73.1510480447
84.3270902299
91.3015512427
96.1195282978
88.4087255886
91.8930695206
55.2816714916
75.3629169732
21.3941647151
84.3219032957
93.1925576845
33.2044357878
79.2267473772
19.7337506797
80.4149166996
38.3302042425
86.9352087396
67.9206312404
77.4083524004
79.1833688304
71.1719112942
35.5501945823
23.9781769046
60.3700833071
92.3740473468
71.9453042646
44.4573428525
82.3625338207
72.3657663453
87.2341904446
55.3110144538
75.9590660296
97.8619764519
68.031891369
64.273420675
78.4421528861
85.4494902922
75.1609225589
97.1694441009
37.4358938295
82.8560320032
62.0303735539
53.6003183413
59.4743249769
