neithertonpolytechnic;2001;1;CSC;302
7.90439779239
61.4476064014
95.3192577894
77.1531657043
74.6316004991
43.8831916642
99.4900049605
55.9148011777
79.3989497465
24.1312359816
21.9715591629
70.4262337676
79.2630259354
56.4108796052
84.2775021372
38.4102086817
22.7362733975
65.4673040829
99.2590886374
66.1557468233
32.8194879633
59.396050485
79.5419114454
72.6947906422
83.8460077673
76.9455418521
86.1946792119
39.4466428148
51.4578932866
47.9000551671
70.066792829
84.4163960083
73.1022111244
92.931994191
78.7233172395
95.1022997589
89.1705147522
74.4027722117
81.2329579354
29.5424392107
51.6786722111
44.2398472901
48.2873446918
81.7515683275
92.1475611183
39.0566311021
94.1904985625
79.2656144167
64.384242348
54.2333117969
80.8557637669
97.6029803807
51.3882221917
54.9546493111
70.5367343424
78.6063044182
63.5486974218
44.8399058017
44.8287425475
79.8819650506
55.3117766104
89.8713934195
98.0416558918
62.7587035941
81.9660905391
70.3529464885
52.2495711466
69.7324499302
57.2848219769
15.5349715827
56.2685910814
66.5631559837
69.4086582499
32.9106053683
