neithertonpolytechnic;2001;1;CSC;300
55.1574111329
91.8683224094
69.2700290741
54.9046296065
94.0550711694
69.5845043758
63.7835370962
74.8024505464
83.5132618978
98.33127527
44.954670641
38.7040772807
99.9096668942
97.2173869479
93.845723309
61.6705079942
98.3254914774
92.6208018915
76.8403272712
47.396798481
39.1304401876
88.9860850464
66.8284533358
56.4051725604
84.5565479748
89.7263370229
9.19825902324
50.1207450728
92.6494258678
85.7761359732
75.0902207325
97.3412256775
64.1616246066
10.3629587275
17.4318427647
43.8817608704
56.0213947384
48.4935705112
63.0636099093
92.961341562
94.952889275
95.8742025923
42.9877133459
56.3803354752
89.3300647564
