neithertonpolytechnic;2001;2;CSC;300
56.0130777705
56.7299899601
19.8683329695
96.2310780352
45.6552714461
32.8246235742
88.540367532
83.2597238601
87.169015041
94.1889421736
91.9643594567
94.206557136
53.4619251682
84.5991343961
53.2463191996
76.0334565481
90.1154925002
87.3218210654
73.8988664546
91.0632552151
97.1615681963
93.1561258793
31.3078174925
93.7688710688
65.9924629426
69.2681557104
95.9656414217
93.1104848152
34.3790754276
43.1280701389
28.5855738333
13.3456807293
74.16989162
38.2952940775
18.4855825963
38.6951241861
86.5452940521
85.4358604194
97.4339054135
61.5194512243
72.3795507566
48.0242665424
73.034196507
91.702608061
58.6714981841
92.5512566756
91.2725000423
93.6299244343
80.3290703556
73.0946294937
82.7099722432
26.0479589914
44.0357297347
99.375022985
83.4568601253
