neithertonpolytechnic;2001;2;CSC;105
62.9255633467
57.3766170535
63.7218179193
7.04068474314
43.88797879
41.7053959926
61.0816292926
15.4630873221
68.4104246414
76.459291436
97.3701999153
45.2422601285
77.8256222503
92.2751330531
50.9473582405
86.9727522103
41.521930622
79.8011580857
79.5757374398
34.588723294
75.6624710504
47.7512394451
78.4561496801
61.6304519609
38.1672586865
83.1021063899
61.0947562943
98.686139156
77.8944532744
91.2127447019
96.9073712887
50.4407965137
79.0501417948
98.1890680223
80.5713885434
35.4448755735
67.5181763618
87.5453768235
99.448246822
72.6591315858
89.019150534
97.1832538816
84.5633300323
65.689164547
98.5260335182
67.4005590235
84.1081199527
44.0784295815
28.6556967724
88.1303394231
31.3705461417
59.1790996623
91.4454800824
85.9010920618
71.2633358799
28.0103785744
96.9735840652
72.0402055322
94.9036736044
93.2955757359
64.3004265051
88.9491865829
48.9586884491
76.8572261301
69.6133004
99.888052331
89.859864519
34.1436272901
42.9099405453
23.8310383754
24.1877951693
0.987747450464
19.4243166632
81.6064471713
72.4195216726
97.254254249
69.185602071
80.2980580556
39.7278781832
56.8514752637
98.6891291064
20.5134417613
31.7256358982
53.2814876509
18.1154398889
45.6357471594
92.7666896205
56.747326196
33.1783434299
75.8054807941
90.4719691751
66.9700088406
85.887161648
34.0609657028
73.8968058977
88.737836498
