neithertonpolytechnic;2001;1;CSC;400
87.4419574411
65.6969278431
31.103627498
66.5760855875
86.9165073961
91.5918753612
64.5653472796
73.8258175522
93.0955783674
40.956939878
57.3318433934
85.3075903721
91.9462129077
84.1041480649
94.2110086455
33.2019891961
61.8495024688
75.92791002
48.0670532721
78.0195473189
42.2194173264
74.7739166192
63.5893711618
25.6567600424
51.1260199898
81.4279857084
70.2735812345
69.92815115
79.2856165101
25.9596244361
95.4110977388
59.2078925569
95.1853900637
88.772714443
71.7840868731
83.3271471187
97.8360039279
28.3987388846
86.9770181024
36.6412281549
53.1334119399
