neithertonpolytechnic;2001;2;CSC;302
46.5912171967
53.4657671685
96.6051550152
59.2085386315
50.5329998729
92.5037810486
85.9800132853
49.4962347125
75.9869654072
28.1237743861
97.8287398931
35.9525355466
72.8143074897
92.0881516346
80.1250981444
82.7386722841
90.383577051
98.8985679992
67.3284712455
81.8369001962
88.1747827258
98.3295858409
78.1257598965
90.6467169775
97.2742790543
79.6925174524
98.429172583
43.3272857631
97.6881333358
70.9568519182
50.4275661214
29.4020430081
27.3319820431
37.9089012296
91.54707987
98.1616060443
43.4325459788
93.3788260079
95.8371095903
98.4823495261
98.1304973212
19.8225594654
71.5991418482
55.9374952554
70.2229777359
49.3235580208
96.5802965552
31.8006823333
50.6295189447
51.4794650988
69.8508828394
80.9516891902
71.4043056544
61.4573405924
94.9311179314
62.7611287255
