neithertonpolytechnic;2001;2;CSC;202
93.6114922479
74.2702249383
92.6205286254
73.5508615508
92.2000486052
37.4731107516
64.0326911843
60.9289107999
20.5466608456
38.6349141328
93.9130990464
88.2883656286
56.4372137607
34.938296118
92.1860269348
62.7997953437
97.2452226877
69.8495024303
92.9725807122
42.7577200958
91.7213443944
86.5363915824
93.9108748015
69.8238171389
95.7226082585
98.6680038351
74.4382231302
73.0253108678
48.4359339363
57.4971416037
68.7457391071
80.9975397028
59.5149241657
99.3513563067
90.0811468882
75.6864679665
74.1652110113
72.366539095
69.855935227
32.3404288781
80.8202045804
87.8771485708
17.7663258509
96.4604427118
73.2724857896
87.0803896233
41.1171953444
46.1723728478
60.4694121806
67.5403811421
30.4428112976
91.1344513361
75.5342170596
66.3249344939
94.6851369643
75.204239812
42.0697210958
34.4483971574
52.6251849969
28.2659043481
92.3989470972
79.3434448192
47.7961639546
98.4001574711
90.9190721493
60.6740526232
24.7589328514
80.0756434204
52.7280909388
96.6681007678
69.8191126169
62.0250577161
91.4504811788
62.3861346226
59.6037930061
81.1805585584
65.3470125244
96.268707273
43.1089856909
74.5652475406
86.8620379691
69.6520197591
70.8529980015
37.5796604783
79.0628511187
98.2980848826
34.2954653328
47.1259055968
65.9421774055
76.0688470749
95.331555548
95.6897509231
48.5145333193
96.5800102837
42.1229037664
81.7584100867
88.5638188262
89.2095199905
24.775331191
83.4192110064
80.0143605573
93.9195628192
46.8004247562
89.1747346796
78.1508902103
93.2341610208
42.8121263281
61.8905245952
77.2780247604
18.5875576707
52.5984137781
43.1359734644
68.2858197708
70.441970321
89.3648897432
91.5711979301
66.4300494047
