neithertonpolytechnic;2002;1;CSC;105
66.3830366909
60.6496915071
89.0069286426
16.6746586784
65.8869306448
56.4217740959
54.2824980417
21.7370035965
54.9773698072
95.1714348949
36.4793230761
79.2786542236
74.2188594129
57.6866921292
13.5708429813
88.7834179394
14.8404700833
35.1061660594
89.9355454659
36.5478397072
24.3146862742
91.0746612819
64.222470321
55.7872578913
40.7252901007
64.3940340685
72.7079551158
37.9233818762
54.0963003188
78.4735930039
61.8953249641
76.307946814
93.3015526444
44.7046011303
75.803726216
41.3122304691
40.7279090958
85.7979144067
38.1648531719
42.209992668
89.3979528794
61.2856885355
7.56285959577
68.8501004954
10.8344040493
93.6643313491
48.6876534533
91.4193922197
69.9629849292
87.515084485
23.5654040833
35.3778181891
55.1192684913
97.4655321106
87.8352013718
33.1424332309
21.001464141
56.5183840522
62.8164894493
96.6450888492
92.9938181523
93.4081493016
60.4127987399
95.6789187164
99.8280493123
6.63472595016
54.4945370493
94.9501877725
67.7110538781
93.9095393538
66.3718129668
75.6084310068
21.349575268
95.667795704
73.9155700418
96.9942560343
58.8269302782
76.0075978337
19.3085088656
82.3480054219
83.3855937838
93.4663268324
77.5288336992
64.0357868189
70.507201175
40.6339870166
79.2836458245
68.9956505352
21.7837889905
89.5000615836
40.5308157495
48.7294857373
77.3352876136
75.376657659
34.9877361418
53.1161947664
77.5738839553
59.1943454844
71.2446592586
42.3080020626
