neithertonpolytechnic;2002;1;CSC;201
89.3833228587
93.0357574535
80.8442887741
70.4306057777
39.5628687049
50.9775711118
74.5685947858
47.0561580616
73.4756512507
67.6248452217
40.3396100095
56.617320219
69.4287092188
94.5620390437
58.3737169463
77.2271006182
65.2078527536
94.8499591054
98.7644146221
20.0670710682
87.6757753287
64.631004602
40.8484167707
22.2961031997
51.7422186391
77.7298600794
40.3663906103
90.072023515
87.9979204586
74.5229686279
98.8196795688
50.5470896341
59.7126328059
26.7835784991
51.9102553017
97.3142401452
29.780153834
96.5796188508
95.2246618998
80.5429871341
62.0036638626
37.6409341
75.0350216721
94.8013612439
44.0424958637
10.972578131
87.990005082
96.1126723019
31.3618763924
75.9749226647
75.8565008743
72.8732300219
95.9507901136
76.1376292481
41.9886862733
50.301318782
84.43492124
16.4093582984
89.9269934275
27.0734286416
64.5033554499
19.662320069
96.5723530637
18.1519092979
79.0466024131
24.7097211965
92.3705162589
37.2310319359
70.5494287963
65.0715745438
43.4591446591
97.3366322594
37.1870135274
83.4126731371
78.8167660925
52.9700710214
57.51263964
82.7732437413
97.1563497501
72.8805975304
72.5882053301
56.1111651631
74.3841568614
