neithertonpolytechnic;2002;2;CSC;302
40.5266924485
69.5614346659
61.3260882072
51.7349445969
48.5048134048
44.6085480843
46.2429673963
98.0303388536
32.7856635791
87.8986242686
77.7198371623
56.2823145571
26.5007437138
59.0778285702
68.8108886396
94.99602119
71.1196910043
97.7543142698
31.0719988451
77.5470635364
20.2827241392
44.2348759481
68.5557773821
70.1338183201
30.1168410906
84.7491381087
49.0890941991
45.6355495097
68.2359045002
58.1259230491
97.0614047334
67.0383807447
74.7806096669
12.2723255046
76.3447746326
