neithertonpolytechnic;2002;2;CSC;333
95.8961571082
93.1574024516
89.9724653516
68.613603789
96.7978419101
79.2512353298
32.2693111453
80.250414292
54.5477450721
82.7133307254
43.767218613
68.6676548395
45.7142164562
93.9989854514
72.1613012616
75.444835415
65.6177887211
90.8812285635
81.4880350519
10.5539950561
84.1412639499
25.1838836011
80.0247689094
89.4241105408
84.2902604085
75.2805012912
90.0055527979
91.122780919
59.2298176698
71.7705413299
82.7326739322
92.6101894351
47.5487485365
97.4027965044
88.9457416981
74.5587858168
90.5442214921
50.7009453264
52.3857050969
45.0106657746
78.8175196209
99.1594265431
