neithertonpolytechnic;2002;1;CSC;202
60.8716010748
37.729844139
72.9448059924
27.5642973968
71.6551753053
75.2451235052
40.5000168905
52.5172121213
99.9780200163
54.873611055
37.982843754
10.0150945107
48.8692151326
36.3853488219
81.7787725456
74.4261672911
71.6985325741
96.9443052399
68.2302126685
79.9432270061
89.9788647518
47.9830566622
74.9470970378
96.2665843501
97.0116053629
35.6624692681
69.1773882034
39.6529900354
25.8903518705
65.089755778
49.9918867251
55.0930473866
40.7133480618
8.08452971966
78.7501923024
70.0550486826
50.2000172086
83.3602653706
95.8562115368
69.6203085878
96.7535382881
74.3417296723
69.6289293689
61.0105207791
95.1600096445
85.4829103485
50.4640369528
28.8727241117
48.1826031556
68.3389620257
53.5967660095
96.3408570514
43.1209020623
95.0402020967
29.3874770127
60.1283116662
84.5914420955
23.8995714375
31.5008803035
87.6320329181
76.0424928201
98.5169287424
80.8627269104
48.4407294546
77.9079352517
16.3359985743
57.4393176725
52.1270611436
14.7186038531
99.6978719213
88.6951623707
70.2005752709
43.2813433458
51.3143845393
63.2124969208
81.9420669117
71.2789160132
87.4360257967
50.1216400083
89.3431912065
64.7100557081
41.5821848426
86.4546532966
63.4277401399
65.8129303092
47.976342174
94.3433926303
16.1963715187
91.7878092236
96.5507146057
51.4217946088
61.7770242478
77.9653184098
89.1241628218
79.2200261072
95.9621132752
35.9268284104
92.5915900852
53.0687360595
43.4381834856
81.4940897148
33.2311824995
69.8602038035
92.8391032964
74.4465233408
90.4252817933
69.1432676393
79.1545723781
