neithertonpolytechnic;2002;2;CSC;105
75.6722103152
40.5995181733
76.8058135981
18.0553031719
48.8338560543
71.6593620825
22.3129285997
83.154473547
89.1347330937
43.6534655172
35.4024185701
80.9749051549
82.175137944
70.5070428202
63.5607120505
74.4073969884
95.6688428675
63.8779922186
77.7164908607
85.5273181342
99.8037527229
37.9869199902
93.5468680478
93.30580387
93.1033903744
71.4752634489
92.0576532023
90.9141087975
98.0085535224
35.8733017173
77.624926025
22.4448476963
78.0535057566
48.2257780019
47.237275039
72.6168524706
30.4833312638
50.0270722971
94.9890053466
36.8457216317
67.4871917092
91.6526720943
57.4513284212
87.752518289
13.0246278339
82.0153764459
59.8196043464
19.7738761211
34.5520499777
51.4371621561
96.5106263466
89.9655031255
39.6741853406
53.8042037227
32.2621791923
89.1516774721
42.6141361944
76.8637765544
53.9171472402
95.3072151964
81.0082470087
30.5396058886
86.4036146303
80.0706752803
83.3610290638
48.5963291791
84.7165674291
68.3627095474
95.4586084283
42.3769604494
85.7945387705
94.3693704019
82.9111444897
78.6008791992
50.8740079098
88.9110246079
44.4837435977
87.5109066619
96.835454489
99.9045668811
36.764030837
97.1639070395
87.2315793466
63.215783271
92.346533458
77.3580566803
86.652880117
70.9228470197
9.29182690075
52.3747233441
51.2338426398
80.4171446852
64.8230401028
69.5917515828
89.6378455306
40.3938824315
87.6440007393
94.0693635164
94.5594453534
81.4477054529
91.8943396123
67.2776391968
67.0296247598
99.9242861149
66.53462227
67.470433417
73.0540453853
96.1937442715
39.3019332261
7.66866462768
92.3206026371
63.664973447
