neithertonpolytechnic;2002;1;CSC;300
76.7607646357
71.9192880352
61.4793989504
12.9744134055
36.9507294706
72.9785184028
17.4914702832
67.7189213419
57.5597452377
96.3613558447
64.7811602331
70.0511917614
81.3730437463
79.467246283
34.3924461702
80.7892362296
44.9077265204
32.6387826479
63.5276923458
53.3961957255
97.857559157
42.6464598593
88.1989806453
95.946838254
54.2791831655
50.974852319
86.6869455945
40.8811613534
73.4379001391
76.4576758676
62.097129675
95.3046294532
81.5419245969
92.1900444054
71.282621856
70.0744858613
64.8553491322
88.6051061335
25.560822452
65.6068124857
80.3641942314
38.1426550778
62.2547312384
90.7793609702
72.0812902683
99.4546181019
75.5682338663
39.2393781612
62.934731347
50.0671953402
65.456785001
73.432277755
70.3051550948
63.7424475048
48.8239008344
