neithertonpolytechnic;2002;2;CSC;202
53.9980337799
34.3083029483
86.9033032868
21.8209665329
75.5450607017
56.8518034893
17.0414493425
81.7594793398
79.0590508676
72.9390386451
95.8210261108
38.1994825456
97.3911315221
34.7678095385
94.4284030688
93.4300742282
73.0853300119
99.9141409216
50.5768283681
62.1142382158
46.0773628219
89.0545137402
34.4364830204
95.4363295489
90.3424041674
30.2853116587
84.7754964097
95.1745723274
48.2527710477
69.4262180814
99.5662907923
27.5118281988
42.3854396913
55.0638311605
83.8705016076
64.689778202
79.8917732522
82.5262899876
85.1795902287
96.5411136712
96.7966553746
89.2238169532
51.0620034275
86.4066830231
42.4290220032
67.7552982536
36.0863453984
78.1661382595
58.206576944
36.161251678
87.1780076162
89.9870436733
78.3859207261
34.2316171217
48.4291829331
64.3718326143
85.3927055883
68.4613626215
55.5079109134
92.0365421272
93.5795175862
71.2103846398
78.0349831465
59.182925356
34.2390893067
74.2841899654
64.3157626552
90.9602620038
96.8859915232
50.0983570342
96.2851555859
72.4528840842
91.3189624647
73.4135035045
99.4061699033
77.7152623958
27.6041638253
74.1862950576
81.3854533487
66.7148694469
87.3690899848
95.2637250291
53.8636502407
74.7449863225
59.0277692544
95.1566234553
83.6684728898
73.6252279671
74.4863994634
90.2430797478
70.7818252067
99.6973329735
85.446149787
33.5350725947
57.7030122077
76.5689897281
49.2724914121
43.9798164401
86.9125563775
71.8701712291
89.9733797688
76.0800287753
65.1439919511
