neithertonpolytechnic;2002;1;CSC;333
19.4504991246
81.0583814178
73.8050473916
75.8293098729
50.1217867886
94.6118415452
59.7467776294
68.2872166492
51.957334911
33.2408150725
20.2287335197
85.3518502735
53.730167139
80.5501414015
52.8095277361
59.5830139364
78.98876464
53.1686386277
34.2883037009
77.2423034313
59.481804875
14.7085088436
60.496801793
75.552225066
32.1387782513
36.3267755079
54.3137506283
43.7153568647
61.3051437795
77.6584173335
79.6432180815
88.4185820119
46.385050166
77.2579382987
60.540243099
56.8038967138
69.3409507573
64.1507777965
99.2471213957
77.0083608136
25.1056406498
71.9963407543
54.113002749
14.1759595493
98.1230753005
75.342508432
96.5550370182
38.716747279
94.2907187027
58.8458964859
34.6605309433
74.5898030741
36.176421114
25.1699142478
96.733372651
90.9996624034
40.1877255238
43.1414673178
71.125519498
89.6366207451
89.7143529559
83.963350919
65.0751132122
18.598967061
93.9690430781
98.5964246845
94.5914276281
41.6941917143
99.6959903095
72.2374392771
57.750386794
