neithertonpolytechnic;2002;1;CSC;400
93.6963721359
87.6791739751
81.8820313429
47.628886376
85.0684829958
87.3186740555
83.8394208868
86.92657438
93.1767638683
92.4268414078
47.6159509797
39.0280407088
76.3944844903
10.4881893429
65.5591799178
81.6535397234
94.8886734563
47.4881168147
48.0794335378
98.33917608
85.644487275
28.6569282035
83.7963861364
81.1672089146
86.6803743343
79.8536383458
98.965782311
74.3235445781
73.0605237028
31.0438679244
47.1468158091
17.7227410743
60.0774964999
40.5673510271
82.8828117743
91.4630082369
45.5783811673
14.6576381969
61.6508405698
25.0288006
90.7445663974
97.6139467966
99.7307819557
