neithertonpolytechnic;2003;1;CSC;300
81.5255182372
41.7567961265
86.4009368601
74.6594170684
66.6782057724
91.7776357825
88.2613007537
79.7873706489
66.7324448392
21.7097980619
53.7079905906
26.2424086023
43.5927027465
97.0772883094
86.0596977309
79.9506733012
71.647857106
99.5462818359
75.5952581547
51.5234204284
32.1745016666
62.7770104914
69.3632657645
89.7681554963
82.4326334967
51.1723180086
34.0145250272
33.9245955991
77.4610986266
43.4396463314
64.8270490446
94.5096969879
62.512177598
93.4036752564
75.0015662936
26.2239340707
66.0692876876
84.7958780307
85.1373226804
