neithertonpolytechnic;2003;2;CSC;400
93.8045004945
81.7061349221
62.5743850881
85.5079202745
11.4201881701
85.4040786601
53.2160027505
53.1409921687
72.2808779977
81.9046655025
19.0137186774
86.0943615288
65.3695432614
99.2705497427
78.6292867156
91.5889815453
85.1429117824
36.1027867364
25.0077177314
92.9317082042
60.1814184696
39.6431746418
60.3745551808
66.6074245161
96.4813960712
43.868850444
80.8895160475
24.6376041821
58.052628142
22.0463448439
79.0571309433
93.0707094856
79.8144572058
53.3299682861
89.7025230196
64.7162729515
47.9625035627
