neithertonpolytechnic;2003;1;CSC;400
67.410366115
72.8271388221
50.7595156037
27.7351562872
78.9573086285
71.4414138729
37.4994635189
65.6148479415
63.0904972845
82.1743731132
29.2137742159
94.6044417647
95.7677053952
83.9413547537
50.7708469903
82.832003181
26.3258210529
59.5150165719
74.910821145
78.0027511446
25.4516346675
59.0548353268
55.0180973417
82.8912024068
98.3255149054
66.0859731538
54.0440573817
58.9989196243
86.9333340086
88.5308190039
41.5394462148
83.1215387653
72.9646455466
36.9225168095
86.7271381538
96.0215870035
94.7257296962
96.8871846437
26.6088773529
