neithertonpolytechnic;2003;2;CSC;302
34.7772519956
20.2537404846
11.1802299666
98.973473217
53.7101414469
91.2736805156
75.7141586948
56.1372904405
51.087781439
96.9390543621
76.1243764983
89.4471450558
65.1864388547
35.8286064224
99.7599571579
61.7700916662
18.9615992553
75.0680890767
79.8304065013
65.3613403454
98.3679993545
98.7717082874
69.216772868
41.5504786349
91.5277590381
99.9573915594
13.3081073657
63.9331449994
10.0497112497
50.8938689766
70.469292184
94.0734594759
76.6980161508
80.5555056171
74.8049405402
59.1046022119
94.8663485903
68.0957792577
61.1881354372
81.4813034444
54.656109061
68.5111469389
28.332140405
72.3178319815
