neithertonpolytechnic;2003;2;CSC;333
49.2989047915
81.377177844
49.9242159554
98.1645242966
51.7953291182
30.3868852363
98.8854825141
43.4952181596
66.4022830267
34.5943559207
88.3717012195
80.7202893515
72.64329435
38.8679274442
91.1311749709
18.7822365974
50.0981101548
53.6562446479
82.0243645289
90.857767119
60.9454675712
61.1594219083
60.9198789952
99.7987795105
61.088918148
99.1375229161
50.7784223525
30.9185730512
99.1978897705
93.27259692
65.7163827483
64.7381976343
37.1201029075
65.6525267754
61.6057642495
75.9703215575
93.7369047956
82.4120429062
32.456521818
53.9058527029
57.8481751743
98.3898285627
96.5575267043
36.2520927212
89.4963616855
93.1902578729
89.507256628
56.4195279455
20.474140931
78.9245158078
97.3738960668
41.2635355922
84.6653459644
64.7317153576
44.2012676431
9.3650290762
78.3512937488
98.5850489107
92.9090941082
61.7911710419
24.2284249687
85.7891474836
70.7943091342
29.5304011115
72.6825011951
68.5533277838
74.5805898873
82.9594999221
81.349389896
53.475968623
54.4338407144
77.5260910811
49.1512631868
34.5044511237
13.0087566201
76.0088520548
95.5821109972
60.2110343386
68.0853775618
