neithertonpolytechnic;2003;2;CSC;201
78.8657067246
53.930576594
78.9471850075
80.7279535714
25.0666617148
67.9111741798
54.0395956064
50.9142763924
84.9242055309
39.4890917599
84.0219132159
90.2907761826
46.8203365282
86.3786813399
72.9523969727
34.9893777524
59.1733355929
83.4350204985
74.6922275546
72.6651600289
42.7818225544
71.4505035083
67.1683779617
33.6544973023
98.1694306114
45.4821186307
92.5307532294
95.1270497588
45.7732900159
94.9169980734
28.1327788353
33.6041363518
53.1894005591
23.9764545182
94.583432357
16.3244603788
58.5173568111
79.2536013034
53.8612437217
61.3665083744
35.973177301
40.0061544842
67.1621371594
78.7899636221
55.019096383
71.0795491223
73.3180343686
78.0366568015
26.2159188746
42.8451914974
89.1062558669
36.0771068199
72.1950663618
56.5188248235
49.9391025609
76.6964775356
81.0260952996
73.0266755262
58.9437923915
48.2622909383
95.3985933228
95.2016251002
34.460792772
70.5264454948
93.9524764025
87.9016125751
69.5960844378
65.544761131
51.7242600394
98.0332909931
22.457295187
23.3639809615
84.1837595262
58.3903203182
41.7297575289
62.3459639249
98.8856740425
99.0589003398
55.1151161512
90.2117403131
61.1887269827
86.8886581239
87.5393882772
63.4569196284
89.3674722745
79.1407775597
90.3613680966
89.2315732587
42.3598731334
