neithertonpolytechnic;2003;1;CSC;202
75.7422067838
55.0510955507
43.1536849117
82.2820963319
86.2748035799
52.7809720685
94.6680048923
64.7718975825
47.0724597331
73.0880062695
21.9570859059
34.2677328457
66.5910723908
33.5529770067
38.7888027455
99.9712039157
97.5403746709
31.6340023322
90.4768234874
30.9653839208
79.2389583536
57.739963053
98.7583969006
94.4353592485
37.0130762207
68.9060610732
86.5238140156
95.7723451908
99.3322758241
98.9643715954
91.7361631073
64.6895743667
77.9087867412
51.825905255
57.851750457
80.7161781037
57.3155270865
81.41561933
71.5330498105
76.7427398679
71.4722409803
75.778113248
48.2021773984
90.9396769026
96.049126557
95.2058275631
76.3173940338
98.9201803663
89.4621266222
95.6545369148
94.3224901478
82.92068574
93.3837228232
89.9932198332
52.421380016
82.5005025062
76.7111876279
61.4710466341
49.045009135
90.8129429895
47.6442724868
96.5377996664
90.3728224441
73.4647587889
5.99690060331
71.7238143951
89.78282505
92.5251356804
78.6580952248
94.3556397324
51.741800105
60.2872453796
20.4950198181
9.46624672783
64.5755520708
92.9741492732
21.71595488
64.8318680923
50.6559251838
73.8872835176
78.2000320769
93.2479797693
78.1734858687
81.0888009827
67.4982374555
28.8065066617
87.764915399
61.1641574022
80.2162896952
53.9587921969
64.8563863833
52.3307994464
42.0030152835
83.3017375163
81.3493457119
75.944675994
81.7328054773
30.08179722
59.2057240309
99.2497726839
87.8798957691
65.3623158821
68.9508594109
79.0008180425
69.6139624702
81.5037222084
55.3805782565
85.918649726
36.6731524123
64.5503556044
