neithertonpolytechnic;2004;2;CSC;302
59.1174934001
81.3321693177
88.894200299
40.53534408
84.9572829149
6.20129615474
62.6471002097
95.7711263504
57.1356462489
49.2879392517
70.4831055859
82.359764798
60.8871217862
58.9666172485
96.7138202127
80.3016192667
76.2024726037
68.1658799205
82.6399037226
37.8446619282
30.8352553665
89.6090770818
50.4731791675
27.9220131662
89.7388322219
60.688763381
29.8974634306
84.5676723967
86.1268983707
72.7185776483
89.5027416045
74.81027035
98.3918491064
95.8741850926
91.3461366636
88.5149591325
29.0004567944
87.1421448762
32.210716299
40.1305318755
80.2404041177
85.2472870364
99.1141127064
69.4772179951
85.0911631934
36.1051131962
66.9024640106
94.875968489
37.5650464896
87.4790039437
93.1671815725
75.5176877475
88.9887353999
79.2483149433
54.1484690656
42.3261019463
97.0425627423
74.3922811913
89.9694803287
