neithertonpolytechnic;2004;1;CSC;202
45.379368512
72.6939825708
57.4437247308
42.5828768029
42.7884125688
97.1776269936
57.173790806
79.5286900893
84.9327112538
79.8361020932
95.7963633285
75.3666944218
33.1267399816
91.931354122
66.1443179531
80.40403194
40.8151059342
67.8127907054
82.7645505546
94.8236048487
60.8725887563
60.4173088279
27.8305231784
86.2834165602
44.5348682444
21.1363998788
91.0436277135
91.1386051399
89.1881712264
57.8887453585
45.7071605157
55.5660380297
24.8903096332
93.5302676814
73.3312780256
82.2192350879
75.54787173
73.6084607147
74.5051225742
49.696307182
87.7442974525
84.6029726232
88.6357671662
75.3927238432
26.975037328
89.454053462
69.3524679003
64.8403626427
89.0081349039
64.4309919815
29.3538679937
66.1720225556
59.7013554948
48.5960004826
29.3783563055
92.4838499584
99.5769829396
67.8536759943
85.5873472621
94.3122485483
94.1012618895
72.3977106023
80.5111463635
86.1319197922
61.8550290941
95.6953668859
77.0676477721
26.3028839316
75.8076078281
26.0069567478
25.5683555016
99.7389353538
88.8359547741
15.0138864764
90.7123321991
54.0778851929
18.8837398449
33.2003462676
80.055106457
80.0678375785
53.661960178
54.128037244
45.6779573071
68.466298443
94.5784589237
75.1266003812
45.1694557115
97.1450891816
62.605166358
57.3072809623
83.6503100959
67.5622908633
95.5956135843
79.4774607115
98.0568812676
96.8926496779
72.6494469179
39.058417942
91.0461935681
30.2638758344
78.8235705784
46.0142998341
89.36507261
29.0440187275
91.2437293163
18.5582730353
