neithertonpolytechnic;2004;2;CSC;201
88.0864234452
61.5819683691
89.2035740954
72.1569254297
42.6063573507
74.4717589526
69.8759118422
20.1343313918
67.3687149321
93.9291035739
99.8281722478
36.4177390717
52.5820669176
55.2433858639
84.4100648222
84.6652501416
74.7880594995
76.1605111181
80.9908048799
75.74172289
20.7361286577
76.0976393687
51.9983217559
72.3861481006
72.7080424051
61.580551076
95.7495616439
72.1539472736
81.9996189405
48.2680822839
56.3146719763
78.7223035842
99.6863984649
34.179250029
57.1136720863
87.7342679612
83.045870978
48.8798412625
58.8223692264
33.9936472444
52.0376332205
71.8957935556
47.322490507
92.595903534
85.4986517723
63.2223944836
57.4261310981
72.7149201464
75.1139617339
39.5477224986
71.7885362978
77.9389381469
72.7286185242
61.3546833269
59.3859574684
63.74598338
97.0164062883
29.9981862198
81.8902720291
65.1779635241
87.01146266
53.2887827042
82.0443319239
91.8465180608
59.0957055966
90.9457455998
85.6397414657
82.429027633
87.227015917
93.3068255981
79.3000944257
72.6982678861
79.6157919499
47.7041987998
64.7371444424
32.4178408512
93.6748466884
98.7449772957
72.7445017198
92.2737159714
71.1065998837
48.9662827976
83.6228436809
50.8983254592
40.23210959
68.4053309242
61.6252058753
