neithertonpolytechnic;2004;1;CSC;301
72.8769693275
55.1880946238
98.9645937391
69.5541309885
30.0162000897
83.4870994853
96.8500501393
60.1399249615
65.0211456931
83.6556480311
97.3243570098
98.3773674977
64.104486366
99.678292794
72.3806067758
71.2772563401
95.6675374858
68.3329887822
86.0076423574
94.2863929089
77.1991555593
30.474402417
73.0928920679
38.7955256144
71.4691737833
99.5318835184
78.1766741325
99.0919187223
78.5599402538
79.9241726252
19.6149381556
95.3117018027
90.3251768708
39.1425814168
79.0130175288
90.1119258113
29.8073613326
84.8321006899
14.9306211097
84.9359160447
82.8711257813
63.9469699988
34.1759657665
72.5861391083
98.7543170638
98.8721956251
