neithertonpolytechnic;2004;2;CSC;333
96.376590436
40.0468310634
73.7181264052
98.7419247414
38.749424083
62.8582292726
82.6091598405
81.5644747406
15.5977386391
62.2862642509
61.6960218383
93.8977761357
35.068149483
17.4019314684
53.6664845746
78.5253632631
91.3812128478
77.235560513
74.7445163115
46.9577910332
69.1227058245
89.099412593
69.5847292597
31.2206411968
73.9025224077
75.4719175313
58.9429579664
93.1849177747
95.5663034816
57.373480908
70.8629853241
70.0464646892
66.2451285518
68.9223815553
99.7595299812
88.4251669652
26.0503125908
35.3873600144
45.0722638842
48.638066353
67.6813981099
36.2010972313
91.6883827089
78.0876086615
54.8397973114
87.861040616
42.5254851924
84.3901872099
97.2975481784
77.644534116
80.2477527857
62.9104867313
68.2227719331
67.5824399392
99.798978257
50.813105287
83.1677024025
92.7635770906
79.7770960171
67.6692756017
97.7259414799
64.3233087643
39.1336450342
94.2717455792
92.5563856667
42.9790913995
73.0051649957
66.3646008816
20.5701362783
40.6956694495
88.8570654064
99.6041058662
52.7536149078
85.1400530936
97.462880924
85.2886072964
58.8763460783
77.2677184034
