neithertonpolytechnic;2004;2;CSC;400
94.0594504903
79.9420498297
58.1660724855
18.2859941881
91.5617314349
95.9687680105
60.3897131167
97.7943783045
78.0407125646
73.4816408739
56.1230289419
46.5275225743
41.5837052562
70.5683155758
25.4423479986
97.5772740529
91.2860847103
60.8244862568
97.2121449281
25.699461577
69.5164269149
47.2702381738
63.0755798434
94.7557649804
85.1871961235
61.0738774989
41.7510000023
90.7337853495
91.806375198
82.8906565935
62.5649527406
85.6478906292
51.0182804489
70.5369174542
59.2287966022
91.5339791615
69.501726217
98.8166922923
80.189766575
85.2240207257
42.5790985741
60.1118279857
36.7717172556
94.348177629
83.2408091068
37.950498487
95.1396108647
55.0344662647
71.4250474718
92.4506874676
92.2629926282
45.9569739511
76.9572911674
81.9227983723
91.4729520208
