neithertonpolytechnic;2004;1;CSC;105
58.1219573452
41.9016114925
97.9424570633
46.7648557513
97.0705936853
85.5825942987
60.820747666
46.656936371
71.7703416347
50.1979579239
59.5842165136
64.7884601496
87.7442627961
64.0264482218
47.1265019103
82.375244619
69.4198747448
79.2102031334
75.7012522979
56.4334761147
27.3404644083
25.3079059242
59.5784809437
87.1278206234
66.2866252026
51.5879355606
11.3437247012
94.1006066495
85.4621816185
98.8956081133
56.0500560525
77.1609233823
66.2539122193
34.2546206984
72.6359144088
56.8924190488
67.5171447153
30.2523707108
89.4556475848
33.2489383156
81.9341023987
48.6499511797
85.2950837471
31.0379755112
63.7639415225
96.2008750007
90.7451554506
86.5068642585
86.0940986799
60.7594372445
25.9181059734
43.2644605039
89.0142778168
45.7485360757
74.8439065633
41.1619766987
71.1229917593
68.2425818768
47.0786787819
15.3816396299
72.5869048958
99.4015348733
94.0183257731
60.2042738364
73.889403713
52.3475751683
78.8422391318
47.0172800427
81.0344282023
19.5060445987
74.4032879228
64.4902824579
97.3734922891
91.7174914769
42.6801822585
88.9753192942
31.3801943064
75.9219182058
41.1270681673
95.0867556658
95.4825262478
67.335708898
87.6480996193
90.7833328627
77.3304749374
69.5889148654
79.9934838323
27.757039998
78.7508779165
86.2976668515
65.8802314829
89.508991845
75.8593719159
87.6945355442
67.049330446
91.7029160099
56.0470472431
97.4660374665
71.2183204979
93.4868172182
46.2793294868
44.8696418201
84.4079456396
76.4092802122
82.1102886409
84.7479211846
98.9607829998
92.0598157856
14.5929219902
14.7864737209
56.1502098197
43.0493871594
69.8684679637
88.0160107612
93.9372191703
45.8661298805
92.468124476
37.7120903189
87.8721720388
78.6214936245
57.270553066
