neithertonpolytechnic;2004;2;CSC;301
48.8311218779
87.5207260251
91.6317970855
84.3222413666
37.0349215303
57.2185114908
73.3490264641
1.63147254049
69.7073821762
77.4603538084
84.2800894529
17.4320271291
83.1386512253
82.2280011697
68.8698274874
82.5981378567
89.259008923
94.48921299
99.3891515736
74.1093048698
81.5463716374
90.5770435549
58.9301894961
67.5202705263
60.2968065217
72.7106933593
68.1378679271
62.2667705221
76.5256051458
68.9881453986
54.605971425
95.6742161238
71.8106628065
91.1448170497
59.6141815404
54.2468751565
85.877229171
57.5156989031
88.0026406099
32.5012098424
83.3125087297
99.6618286851
95.5168065376
47.4465638409
83.5102780744
21.884437219
34.2423766982
43.8134645208
24.4672197972
99.3100779452
68.1126486499
35.8839960126
34.7832781671
48.1463904743
90.3292010924
95.1753987726
26.8003746622
33.2890494995
74.6113343437
66.6729914584
31.6209007568
76.6195721895
32.414309669
