neithertonpolytechnic;2004;1;CSC;201
82.0417291904
96.1070367374
75.0348528703
79.4957052922
77.0588814586
56.8208130891
94.4954618296
54.5932608472
82.0995364324
61.017968244
66.5554891961
36.2975939436
82.1716242251
97.7131829252
54.4036491641
99.7195986244
53.7242032646
46.4578632035
87.8882381621
33.1133313507
92.8274276273
36.2162893907
85.5142641608
44.3964589654
29.764109787
67.1795419535
36.7684477985
70.3310335541
52.8240923029
69.4024485719
29.3463147113
79.5082893521
88.3336570292
78.1983135478
64.8340093545
34.2103896264
91.0643273777
30.0557268141
78.8882489458
43.4402659602
30.8005415824
44.9619987716
72.4921970657
51.0949778601
56.9430597142
89.2027185316
44.8711787826
5.38325529778
97.8863604307
9.43731483904
59.0137114056
39.8052056759
79.4577995228
88.5972804053
84.2679977651
86.005967388
81.9865216817
78.0674769386
69.2073749163
44.057358867
95.6477916889
91.7594981391
91.0262303554
93.0015248777
15.0636075169
71.0501614394
97.012823116
43.5751838866
88.6513408583
58.0576162636
52.7758379582
81.9480135843
87.0578159137
54.0688859049
95.299181841
84.0366811248
83.4021700572
88.9822835267
28.7787356764
30.8440126868
41.3421846076
92.493862096
27.6467482154
36.308376645
23.242960792
78.8296349528
88.6754644811
74.2094578587
84.3975193295
98.8806391173
78.5427388035
