neithertonpolytechnic;2000;2;CSC;105
91.5725260098
77.4474760168
43.1558344709
97.8509372867
91.2028778032
70.1016109934
89.6519184131
82.6015086225
68.1699557311
93.8275189493
48.936124215
83.4719146873
63.286345212
83.4260051762
98.067723645
66.8901687592
79.4845830325
49.8144772036
38.4016303207
81.32928762
23.2826073723
97.8953577773
46.8466521025
86.2683126544
67.2480502378
69.608299579
85.095822295
99.734943194
94.252333276
66.9334491957
89.0907973341
71.6591153789
50.3737966428
52.9538446494
54.2290363636
60.3553652719
82.7334002474
20.264568281
95.4983897133
67.1615791629
71.8289797369
19.4431893197
78.7918286206
80.054769631
99.0704436874
86.6640118574
90.0904794048
98.0572914545
62.1205965562
56.0355120103
64.2061445317
91.7378874251
94.3003817195
39.8743555644
59.4841604511
77.1237429427
80.7274806493
48.2236089071
96.4652797782
64.9713905216
87.222885231
41.7647987809
82.8858726896
72.6673334299
58.1530400865
56.4678320988
52.6115523191
79.7863485202
86.007955558
96.4870054644
19.3218100961
51.9819884702
45.9632688896
92.5770408772
58.9436270983
76.4614583709
59.6979174171
97.839121255
40.4443049306
55.4274424696
43.2461701117
44.755383283
33.527733681
55.2565851871
62.9922907803
90.337942984
70.780053902
97.5248143453
21.34959974
77.3232869016
96.0592268166
84.7586875132
66.5345536506
37.9421577159
50.5203420422
92.9593089559
74.0550279252
99.7489503011
76.8172503036
80.9692641618
98.9588137517
99.243518854
89.0418526249
68.8163263916
97.4802359538
81.2859703205
48.8303932222
62.3047448476
51.1186194925
80.0245286164
