neithertonpolytechnic;2000;1;CSC;201
97.1240256026
66.4143913415
10.5037425605
19.7798955348
48.0434659023
37.9549909277
39.4352408698
98.2023570731
70.8847599601
54.8946512202
44.7733016411
85.8785942322
72.3240257378
83.0001991521
67.4626563082
88.4071968738
61.1468513866
85.0351961
40.3418338354
88.9189019867
90.20555565
81.9341344945
54.672750353
90.1488820947
93.2268943963
75.3417650772
75.8858496952
69.299554262
42.3776484205
88.4237037719
5.55546645213
42.5978395242
65.985006895
98.0541307628
94.2258830946
95.6180548999
61.0069718642
89.4309236144
34.1403987237
86.9374174504
55.7900564281
72.6497496329
4.48761818948
79.4918849071
15.1393819577
99.989999576
52.9486383802
31.8813558734
83.519211152
35.763354145
21.5496097018
94.7266679366
84.2923009182
68.3785087252
77.8310576286
80.400831747
82.0012190214
50.7370729683
64.4915870382
38.2742238465
73.3913317791
15.651476689
80.7799225782
95.4159647021
63.3811819077
79.8185816731
97.6449454918
49.9623852015
65.2749341876
45.549429256
97.8148417616
55.3568028155
48.2192079251
67.7074672091
70.0428549635
37.04790295
67.0994085356
80.0726315114
81.2735191905
88.2616784168
68.4243913826
91.4378832997
79.7679672261
85.0292774347
90.5720013103
92.3155803529
56.6162468057
66.0028178789
50.5785785238
75.9905627692
39.529647462
94.8985899434
82.4712925943
79.7943249374
25.8566036037
66.6039433433
81.2682847439
69.6773695551
35.136611665
96.6968856552
83.0954469784
