neithertonpolytechnic;2000;1;CSC;300
81.8136123313
12.9546369995
86.8993288745
74.3380561063
77.3197326673
62.2835759911
63.0521328167
71.8042067574
39.1208433744
60.6187004859
99.7460369468
85.280240811
58.9269420866
43.9099879554
29.3184835793
36.5802299772
92.0870919598
76.8683732947
66.1811293285
96.6455922863
44.8352654888
21.254499677
53.9869079019
44.0987931226
61.4457697899
90.7191588798
65.5608307416
43.3199629655
80.636913501
67.8702091035
49.6039089572
93.2335078148
59.9363470666
76.3903579475
43.879977804
89.8945482144
36.0499242484
92.0963023083
63.9409443311
51.6609387536
57.9072574216
53.4537969221
40.3593627312
97.9865113867
98.8419499892
96.0117569068
23.2740884352
96.8352018676
96.1867418823
51.1365014094
35.2550927638
91.4096353368
80.507905372
79.092274315
84.5431593163
67.6708941304
85.0215907889
99.5700353175
96.1820889958
97.6549470538
