neithertonpolytechnic;2000;2;CSC;105
75.9701546677
99.7349097603
97.5828083706
49.2910379378
88.3648411678
54.3078926023
32.1879954355
45.9213955342
96.1645872264
82.4848588785
99.3827510932
36.7955433723
89.7998586771
52.4512231874
94.6681238829
37.7608796504
82.921684855
70.5157068424
72.5589954329
80.5227211466
77.4935341309
62.534598126
55.7034742305
60.1124251194
96.7235163875
94.9547160716
98.8273765779
31.0694930772
63.4589923295
32.7191045364
29.3018613643
40.6349678953
31.9258744069
43.3193409173
51.9278624654
87.1254087874
49.1049706661
74.7605843998
19.826920432
70.9967846606
86.7136001326
51.4222202391
21.3701523382
46.3113653151
66.5215927863
97.4579346529
80.5704875243
61.2126617293
65.3209722448
80.551152394
89.3289746495
58.6465909678
19.7236296401
79.1367261976
91.1081307602
62.7258744845
77.9617594114
84.5430305578
95.0540363612
68.9747997656
88.119470315
53.588283301
99.0980409513
91.3578855565
77.2369433938
53.0895876831
81.7861200462
38.3600324549
89.371503932
21.7250547374
77.6773290953
46.1966075351
19.6346487962
86.1910153759
84.9868154028
33.8207114662
80.3142628403
65.5094500373
85.686904809
31.5551070278
76.1817578883
21.1473662109
59.9195765859
52.5027139098
75.4488583222
28.124311066
18.2893511968
80.6592665904
56.5539356917
81.2319161614
84.747159833
67.0373258623
84.1740572941
67.9593302738
63.3229357918
80.1092663622
93.71230302
