neithertonpolytechnic;2000;2;CSC;302
71.7225554598
41.2881417754
41.8711419716
82.1690640008
36.4416787652
81.4841233514
68.7958212446
88.04375954
74.2600405541
80.5874950905
92.8896000039
19.2951496058
62.3207534177
87.2084860271
22.5116884872
71.1628137625
80.9217500235
50.7228185478
73.8742544113
61.9087087783
98.789622462
31.4066185043
70.4362643966
45.4188295092
91.8421652687
65.2999231397
77.4869042526
60.4423302894
93.3563130789
75.5067278676
92.6762797336
88.9486575956
71.9741174286
80.9270000322
50.0788711752
40.824139146
21.0615635854
86.1480109518
78.8275936684
17.725691142
