neithertonpolytechnic;2000;1;CSC;301
9.78158020329
45.7674384243
79.361629901
82.1995016574
85.0866731276
76.4836641424
71.4079009514
93.1934480841
80.3074821146
78.6164884965
89.2841459176
37.9848413913
94.1337534986
73.1714134205
68.4949859605
83.2797606939
92.6383109145
59.9495056411
64.4064675159
82.3261004101
75.1024082787
53.4237361541
86.7965176861
61.6755877279
74.0544899527
71.7463337661
10.2450770659
93.0763448243
91.1152939958
42.2468492017
12.4803037392
98.567128496
58.9891303777
92.9202981777
98.3750829098
85.107028093
52.6933545582
43.7975959232
34.4202081763
71.3787111114
42.5164818733
84.4283975889
84.3322652629
95.9522468726
60.4104776659
96.2360724502
38.5688851981
97.0702166319
71.9218405499
50.3136816813
94.6127124965
30.3958425256
