neithertonpolytechnic;2000;1;CSC;105
77.9007038096
50.9819362081
68.2105361933
77.6982007598
64.2717676966
99.6098926441
54.5955463409
76.8461990855
40.7449229094
90.1387233076
50.7237005575
79.7809226165
86.9182176704
26.9552346053
86.8846548339
82.3446202652
24.9791750376
85.8253974163
77.6124718306
79.9956262723
86.154747533
51.1561026871
69.3723451849
54.5958227087
82.630643544
85.7522614618
76.2417635534
32.6622510712
61.3565444723
43.4721859697
49.091740038
97.4814530712
79.6697087591
64.9964885183
76.3276427466
55.4788197791
32.2918297297
86.4366753218
91.7640040588
71.3726262124
90.7154684487
73.4979325187
47.0296181555
73.2575563976
94.3391354469
65.7442203658
95.3969680833
21.5560696238
86.0565138746
31.6140792961
93.9119067317
88.8479935302
96.0927078786
21.1022561915
74.4338950283
4.72748996777
9.72790726561
70.4548085342
73.6382618886
87.4669546003
96.2115195363
69.4792445796
77.0175197752
32.6701941212
95.0741843466
87.3180613212
88.7270803979
98.9318579477
96.7836678178
43.394849946
79.9477626942
96.7089824261
71.9507016233
78.6740798843
11.8303629227
86.4205270282
37.6950946791
49.8564451996
47.0566439587
90.4081742639
90.4467007442
9.49999055844
94.5221996327
86.3870119053
81.4854224686
8.75401419648
46.2254978252
66.3283741585
93.1856821233
77.9111101739
