neithertonpolytechnic;2000;2;CSC;333
30.748583412
64.8590306948
36.9487241164
80.8811354736
77.8997557252
86.9631057637
91.886625824
31.7187631084
38.1093767155
93.594412558
97.8579818343
68.2664723782
73.7100722396
75.3783164831
71.616768157
60.3660302871
66.1412372938
96.3374774019
84.6497912482
32.2529027034
39.9799526615
78.1725753844
46.6086262735
93.0649325641
39.2490188568
49.7420333098
77.3853856509
25.2484231141
25.9603913825
75.2622665299
82.5110982471
63.2455712094
28.6407311869
72.5822287165
55.0287677632
95.820853385
74.6339749154
20.9403649561
89.072455497
79.2792023877
88.7693975007
49.8976328765
66.1036997274
59.5538368161
36.1325397553
98.2467170546
62.0453561722
89.3491949456
42.0617174074
19.2739460407
70.0790953512
69.1408250746
73.378540644
28.7643993722
91.2371065143
81.3905890072
