neithertonpolytechnic;2000;2;CSC;201
85.7799788155
90.9892778067
97.8555738254
55.1528144529
81.3890662148
55.6480403864
88.882592531
59.6626947842
35.160674748
68.8451376184
89.8010000013
42.7720966777
79.8532199588
78.7801921926
69.5488533573
97.2770469081
81.5909538451
46.0935271897
82.9822413223
80.1564057068
69.9292396743
43.9190914425
77.1537779932
68.7217202208
69.0861195478
83.0409107418
38.929113465
29.4912583225
81.494719468
21.5092755421
92.2199710206
78.660111795
22.9211785724
94.3201193344
88.2380123414
53.4572103308
64.6337349778
74.9815449673
64.4301206261
45.2376998878
93.1790483652
83.4263308524
80.5172176017
83.9823679797
35.8808771272
34.9854754537
61.9938703478
71.5042335414
87.4433038308
95.1628820707
70.7598440358
23.7541713208
43.1302662412
12.405038906
69.8065904047
93.2383634791
44.4915381987
75.6193221382
72.9731894709
48.3241251508
90.8758985559
88.2718514948
46.7825816881
81.0111906398
88.0438618724
76.2608700442
91.3172300112
62.7561572347
8.73496032544
85.5641683284
8.18918636047
94.3930159008
86.6455726889
22.7771378802
45.7147813516
15.392042013
43.3968242517
90.2308265816
83.2053027877
56.1522335474
77.2858339124
75.9601664082
72.1439656702
85.6099731597
59.5551731475
58.8153909475
54.8268997347
66.8520328678
77.3291264605
78.6017713048
63.4916195636
83.9545669568
44.4893279419
84.8708046333
93.3493688682
53.5027745809
93.4302505914
47.4374671845
30.8948159707
36.6947962465
