neithertonpolytechnic;2000;2;CSC;400
70.0209402965
89.2218667466
70.0813286977
88.6975925032
96.1623377535
74.5655703634
29.097235704
73.532440845
64.5013488292
41.7649715611
94.5225378575
24.3917000653
80.6986244456
66.2496806791
38.4546706819
61.3215657353
77.2779721495
38.9143179892
64.0178290864
86.5447473706
27.2777435726
31.6071976643
93.5433310291
71.9221470146
60.5726455366
94.5827956881
54.6281843947
84.358994634
96.1254819703
63.359509303
87.1886966295
24.4987037684
4.25207494052
76.723847232
64.1726808795
41.2764561396
29.8083949887
95.7905524453
46.3732645176
94.0992565325
48.8324920236
98.3573205285
98.982307259
97.6922404999
45.497998681
33.6240579366
61.7868658882
96.2483808354
86.7194263221
78.9736431162
50.2487037648
99.3554228935
99.4808189144
54.6257421848
76.0044359799
47.9587631733
67.8361612507
78.4604972797
53.2180593077
44.099518098
64.4914181848
94.0696080932
