neithertonpolytechnic;2000;1;CSC;201
76.6382040977
59.156002256
87.2468797088
92.8125577651
97.4557836918
75.222392163
73.2893290042
78.3817765815
41.8751816059
77.2941254161
56.0613277798
87.6450615588
20.0261177302
83.9419158255
80.051841946
93.014537328
78.8453542918
60.4806849395
62.437222923
72.2327596355
61.8794080146
63.7539593996
94.2590695447
64.8456300929
79.9090030705
38.6719125727
98.8811240601
99.9293021862
17.5063186955
99.3136750283
38.183412252
97.4674574589
93.2451979762
79.3371182636
90.4895933198
72.9609019657
95.2877548433
12.5503958769
51.9450122907
81.3152544808
47.2436476045
10.0389414994
43.9569728996
76.2076454463
88.2109557958
20.7547293043
22.6106557667
76.9132417743
52.6448198203
59.6065696735
96.1010013869
92.0199867123
74.9853425351
44.9112931427
75.7592957685
74.3027812849
56.0829406724
55.0695115451
73.6712160708
51.0171193912
92.8164268455
74.6549201499
98.284012887
88.9727931633
85.8837841009
88.1694154245
68.177729051
15.1723486359
78.7407257215
20.9082715812
96.159993697
57.5477653961
73.1781903701
65.6332702164
88.6909775398
47.3582659842
15.7334267694
53.3202574591
30.0824591243
24.5891529352
25.2492440316
33.5391818981
99.7944333379
91.331994593
41.9149546899
45.4665975484
88.4363599633
88.6132675374
43.8339336145
67.7081913899
11.5481841695
45.1644526671
38.1610897628
51.9711999304
49.1296970302
65.1511387959
75.8761588705
58.1062795246
96.5358354128
99.0544726231
