neithertonpolytechnic;2000;1;CSC;202
82.272242749
94.9259350499
63.9892028392
67.3353702861
64.7730824329
74.6702998958
76.4367823741
48.9779895519
40.724369625
77.0242724881
78.4691320559
73.707454718
83.447040841
71.849988859
61.8843557984
97.8079173468
77.6456590549
2.36148768966
78.8609017802
57.8585851884
53.7804638157
86.2424904899
91.435832696
23.5136861461
75.6792955252
93.0579665606
77.1292236677
60.7775216117
77.3858699484
99.0271296856
48.3947844328
99.5140005051
99.8967060397
47.2155968983
85.0691875108
86.3466570987
38.3801973854
75.1858863564
61.0820244937
87.8697117483
62.056450646
70.4077041305
87.5825550564
28.2857451755
97.6852567987
83.7490404154
28.5569440335
83.9012951307
62.833963744
15.3953931197
78.3857116146
29.4700082915
97.4912115306
70.4163218446
42.7720470079
96.8412842565
43.7886786108
92.653086761
87.1577680168
50.7143874767
82.5670047844
75.6739170326
77.2624735975
65.9485935171
71.0344975391
74.1758904956
94.7173015741
78.5956683056
57.9782466521
13.9336536591
71.530963437
85.6467537559
92.6134795124
90.2552746332
54.4715508005
29.1567440862
87.5661522154
63.9726625891
57.4611689711
43.3375468533
58.618368582
86.9477953798
45.259133283
47.1145058856
41.6519527679
32.1467665466
23.5686467185
92.7691232999
48.3765555443
60.0815493496
92.2156437058
86.2705799955
96.7482875012
76.7517258587
82.0328469353
53.5271488216
77.8976449633
68.3240679292
82.2405772431
62.5607205653
97.3051451976
