neithertonpolytechnic;2000;1;CSC;400
74.5957256153
91.2665516064
99.9838948499
59.2875865099
95.2260672937
49.6804256585
64.8204182268
48.1323401746
78.2820180902
93.3090123208
36.272214473
56.5121056139
49.2379641668
63.9620188818
77.2965170735
68.6790613968
65.45622245
68.9692133243
79.5723214737
95.0134253007
92.6532277903
49.1102558103
91.8375619264
20.2012626774
37.2723323529
73.8008176456
47.8781815649
44.9351566276
34.6715998749
49.8708244129
58.1754886716
90.8952544033
90.0982943582
22.8492956685
68.12422688
89.5660932059
59.7507571505
64.1399147444
75.6945090211
76.83505728
75.0326132074
78.7996969336
94.2892598461
64.5628917615
68.6783985696
91.8537513539
26.5104576876
67.7443113404
42.4299592591
76.6550495044
86.9149807882
99.4319175966
87.0888021125
54.9496170871
90.5234497863
71.9571413729
