neithertonpolytechnic;2000;2;CSC;202
38.3565673249
90.27526807
91.5746357569
75.9965198801
73.1494449365
35.645020287
62.7051155657
67.3638041872
84.345577093
76.2286753825
62.4366561779
42.4311571067
30.9097536593
82.6454020908
40.4696595075
48.1867734087
93.7868488042
13.1484659577
81.8919395668
55.7401279966
40.5471523256
41.9367439083
88.0999265277
60.4611483208
57.3046221243
73.7941542962
20.8296538388
61.3981402725
93.5964906075
47.0022287803
94.1023431953
25.5522954393
70.140727918
87.1458473942
68.9249161242
50.911476247
55.0649844355
80.1328209367
81.6188039769
47.959256891
46.3300023833
90.2688757219
83.3118969144
72.74094554
79.8381087157
40.467410143
21.9484905789
33.4703220828
66.7438948781
24.4787160357
80.4957774466
65.6910216889
55.5774532621
61.8612325209
63.7715298015
56.3525849646
85.3128687638
79.0941026209
68.9505512245
75.2161605192
96.4989910205
19.6941434356
98.3397858787
89.2138445808
81.8925448376
70.1220765639
13.2284276246
58.5248739883
78.9738403493
87.26502023
28.6454610624
43.1308206945
29.7812845334
57.9739253023
84.9452915877
93.1143968047
48.7332298882
87.1501213405
65.8971561725
51.2609036285
61.7538177358
87.1387010024
46.0442294878
67.6249532671
61.7514732201
90.7874561201
98.3280532429
58.8781933855
36.3625394638
83.3509680369
96.4281016375
64.5712002156
