neithertonpolytechnic;2000;1;CSC;302
73.7749230619
89.2791271227
91.7087950606
86.9656322593
98.4232342593
61.771458814
86.606039915
47.2190573634
73.2171272747
72.7078975361
44.9279977091
47.6785672445
76.4298944554
75.6670734898
97.1557360726
52.4375106263
65.9257881055
49.5891607954
74.2880593874
44.8054896792
94.8965592921
75.3710854463
75.7423268162
80.5798215264
85.0411013255
61.479880539
56.6099942466
99.8822513402
45.1183945719
32.0004736172
59.1915303744
92.7563482546
17.7675193175
7.7244957986
63.8648829021
34.0257771594
90.7867046761
79.1457971536
63.1275444908
47.1634647213
57.9910433426
29.8959121499
20.1082639485
85.780073944
21.8229614329
30.9571473575
19.4740383708
45.3412053761
70.3711660488
51.2980906434
85.7025189191
78.253404861
30.9235529163
33.6238898322
73.6184067661
89.5132227966
