neithertonpolytechnic;2000;2;CSC;301
28.8314887539
27.7871522613
79.9500629311
57.3180442653
81.6622022096
80.8276827658
86.1345921242
18.0644676738
46.5893352693
80.3785595161
89.4838497165
98.1896451298
95.0976955168
71.6857475841
41.9850680561
58.2301935142
18.86683478
93.7795614572
70.7501303994
63.4397709392
71.1953007148
29.7060857737
79.198910677
51.4663229073
59.8458153599
95.4546371956
66.1664513228
99.3551856002
85.7081039564
92.8821899806
6.17209114699
94.3530806417
52.5529913301
69.0904828832
86.6482485686
55.0964906651
52.7966498289
29.5754471522
94.6213176276
40.5067122224
14.992907214
53.5110457496
21.8625499617
55.5443994078
85.0468246125
12.0248194867
99.0414107304
59.5669861349
31.8575767766
17.5877051232
60.3874935621
78.5402630551
79.4659753638
60.9968261141
56.2189283367
97.7528044367
65.4380192303
57.0273942043
49.4666009528
