neithertonpolytechnic;2000;1;CSC;202
46.3940289511
88.3194079266
83.5220547328
57.7253315324
48.2102116986
85.849042942
83.2662241531
75.9844189005
29.2313445904
52.5390968253
18.9342829526
28.0837200364
63.0818508988
97.9152217988
88.8834397889
58.5079631275
92.1773721468
56.9600022703
76.9260002822
30.4218716851
94.4772075769
75.0077897188
83.0574190305
76.8297156541
56.419663496
83.0482494168
27.0721501765
62.1683510598
82.6669098477
76.8131280957
89.207547398
66.8170604948
86.9650487556
88.8021317372
54.6201519262
57.0920225289
99.4492932661
66.9124067962
91.2496815498
46.7139455193
47.5694888524
64.9888757679
83.9081302867
95.1106952997
89.6249940999
80.9962783347
94.6214909587
79.5242329932
64.8704406642
47.5267858211
88.925265952
91.8350638174
92.6987800909
53.6303393875
61.1613815935
68.4582929726
55.8302009061
47.5620508688
40.9246667333
92.0736407225
47.4514634179
97.0729444838
54.4425140821
52.5662382827
20.1697856312
59.1154655034
89.9133695778
94.1473904837
76.3865637456
40.1563939203
28.7586107119
23.2666477103
70.2594671023
68.0483977465
68.0437976466
98.5981479408
89.4415288676
54.8515481266
77.2656009606
55.1994141725
77.6770412146
56.9673033625
82.4172898765
89.2991914287
41.6715854383
90.6760634788
54.4142353128
62.5441638548
48.3659938711
44.1037058592
30.4637656947
58.2544171064
91.5296769837
76.7766105712
48.9251539237
72.1431282407
81.5496212911
90.4395055458
64.27606811
63.0737636943
91.5823753452
77.0179861142
88.1597059952
97.8585392041
35.3546671099
99.6978562992
61.2511319708
94.9354923223
56.0065096228
83.2095573837
13.2246565605
74.625659885
96.7373214663
91.6241205473
