neithertonpolytechnic;2000;2;CSC;300
85.4708496488
95.751441787
85.9074536648
25.2245972469
71.5258563405
45.5072728325
54.6765647053
85.778010846
66.8636293698
36.9134937418
82.6517476201
82.1558050048
53.0001922024
67.3013986918
61.6444067529
51.6454181241
93.0350681572
77.9573927754
96.8363879661
29.1942230376
34.2733607455
72.1027278307
90.434641037
85.4429170317
76.9356231952
87.7583505986
81.2752211192
37.5865483292
94.301414483
48.3453649525
70.7968214798
8.26225331602
92.0976366519
72.1040685298
25.9819433194
57.1158288524
88.4782118069
99.5696608649
59.0865179781
59.0723227415
89.2751354626
77.6893117315
84.1895940663
99.1129527567
90.1983198542
83.7270072399
90.0203587903
69.5913308712
60.8974589193
71.7082753468
87.4666290832
24.6070334268
32.5741809483
77.4331607784
84.051911894
68.6584661653
73.3422083861
57.7767029717
