neithertonpolytechnic;2000;1;CSC;333
30.8429394873
63.4234517444
51.6171705193
58.2093608889
70.2249462788
82.5802793251
93.7146880978
96.3613152598
99.9725193083
78.0502182368
37.9284768046
55.8245178295
68.062127334
84.8790127806
7.91605252547
77.9146816502
18.5585045134
75.8796266547
63.2477283078
59.4279722345
92.2915072697
77.7269658476
84.5442048473
78.330787527
45.3351768947
60.6107126491
81.7667715428
95.3288380486
23.5895469192
77.0380876985
85.9670888901
86.8080079589
31.2053995593
48.5072109896
30.9421050355
97.6826669613
93.578847263
74.6308896523
78.2542831712
67.4566191143
64.3412160501
98.3382497068
53.1606014176
47.2849699407
26.3684907567
96.698598155
93.2467761905
96.6473227764
60.7785296285
88.3189888649
74.943559754
90.6307453072
41.6417349886
78.7036445053
78.1701144763
27.3202419119
86.1772596157
94.7094227099
