neithertonpolytechnic;2000;2;CSC;301
91.9232946035
97.0939961588
61.6220264115
26.047107424
53.7248760445
59.8079346211
26.6278990335
64.3615860229
53.9307038501
95.9833194911
59.0394944823
53.1876855829
27.491507385
89.6368930343
81.4648600229
78.758539126
69.7139888087
34.2538758337
42.9782804461
68.4023242193
70.7321728569
33.19947848
81.1077378215
58.0240560178
82.3903698919
84.844924034
58.2476553591
49.4901188516
65.8654002905
99.1910375417
34.0418343253
87.5513406513
86.3644654094
56.9812165518
67.8420098887
81.0964809902
99.0021323012
96.8347405157
85.4366601652
59.7915311681
74.8752291575
48.5030020334
88.5682927257
89.4374741708
89.4868360969
10.8182865756
42.3775196608
94.9322347897
