neithertonpolytechnic;2000;1;CSC;333
71.2506119456
60.1599744031
78.8503950287
33.8618034132
74.292382962
99.4660374286
57.6908210889
78.2388952808
99.5677338992
79.2185165189
53.0328493386
94.8619458795
74.9916385963
28.8388931318
53.7085678779
57.492812408
76.3305643864
60.0584095262
35.10832485
27.7826443109
93.9382072092
28.1659165036
97.4754085009
71.7005761997
95.6090687565
46.1738869252
11.4810891174
24.470085163
24.7661663068
52.6500944052
77.3468266373
63.2149903421
88.5723018025
44.6494254012
94.7419249109
47.5047178064
82.4905351175
58.5818389715
93.6738447802
86.3878728563
96.4394188168
85.6208440272
85.0983896016
43.4716859854
85.5808688635
31.8685749764
80.4437055795
80.4082613854
38.0842223099
40.0855024565
82.2828137341
88.3146822467
56.289972693
73.2099848207
34.998563753
97.1531752572
