neithertonpolytechnic;2000;1;CSC;301
35.7950731843
72.3509295177
63.5845676569
71.5295753884
85.8554139749
54.451588747
81.9363908976
96.2885748144
61.2450836376
92.2819352002
54.2439122596
97.268877302
54.053406142
86.7248555631
89.9127777221
65.3740096507
73.3091482257
95.7016205241
86.3949956895
36.9391810463
76.4418006429
31.3491855751
99.2323301699
29.7270755212
65.6313940875
88.6748130689
65.3133993872
48.3030248967
51.6591167574
79.2126505308
84.5597048763
95.9621683818
26.8045609284
93.734982926
86.242886248
99.7304941759
60.0973283894
98.7760869998
66.0484074597
87.9166105771
15.3314282769
97.375199325
52.5920157702
66.6099731806
48.5416661128
45.9401736313
67.3987293849
32.3548764795
72.9169552581
90.9822217091
42.6364420709
95.1228601757
97.6372293432
68.3249506464
55.3826127731
80.6080522415
96.9926064635
68.9110806655
21.4727682937
55.9852345493
61.0400496295
