neithertonpolytechnic;2001;1;CSC;301
68.8897490584
68.1605617425
42.7589165409
82.0237995005
77.3948838351
11.5639165584
92.1457119199
83.1620053349
48.6922307873
65.5859876196
91.4424987054
88.1500349131
73.2685037309
25.1126301061
10.2672510453
94.9788160261
83.3739016188
83.7973452083
49.0598696154
75.1130990293
49.9013509338
62.3431107501
73.3994047664
57.9372988444
25.6965123892
82.6223842872
16.5231878706
87.5737390558
62.3061485024
82.6112422285
57.5186486079
73.6573761139
90.608845316
76.019514227
88.8421296579
64.6786369024
49.9359641728
82.887833694
85.6123696223
64.7202053411
78.5173876215
66.4457029292
82.6110730437
88.2811632331
59.8196983695
84.9299480874
45.9622562924
70.2039823919
88.5517037256
82.8641981597
66.0384621458
74.6796275541
89.1723562097
90.7049850732
75.9001248498
66.1173822132
14.6196772155
71.9078130318
82.7765482638
68.0372927217
63.6071999604
83.2157550935
18.7306848102
55.7403491651
52.6409820779
25.9997929575
91.5940115269
33.9268621964
23.5615128553
24.8161711304
68.3851523243
91.4749929237
63.3128260889
88.1455188137
50.9128913793
87.505136136
93.0772002049
49.3673518644
