neithertonpolytechnic;2001;2;CSC;333
84.245874917
99.9716240119
93.1093696389
53.8034461179
79.7570900974
78.3827543403
70.6563047889
57.0876625269
94.5130087274
91.9158143363
79.1059996146
81.7578750908
83.6923166724
60.0796977406
78.9641295132
85.3980748927
39.1675803347
64.311989817
75.9839650728
50.5504424504
75.4162221674
68.4594356571
78.5340331458
64.218071561
68.9783662169
71.8217696858
41.642454393
93.0810865484
66.3928140893
99.9879242715
88.8970224244
92.9476472812
19.0593383701
90.5391221528
41.8922709066
69.5874074277
71.4357747216
29.5794547643
91.8211321957
60.6066674005
83.9374828346
17.2353449582
63.2925064894
63.5598261075
78.6188405996
5.69949652413
84.467218145
