neithertonpolytechnic;2001;2;CSC;301
63.9629191317
71.3023522709
97.4653035493
96.5351775986
91.2718142631
44.716383018
7.60158428507
61.3137923878
73.6606421574
35.0296229327
77.8285443895
77.8427748739
67.4845871404
70.6398978453
83.4415689468
74.2378832314
51.7395637056
39.0036284506
76.8910978131
95.0984812049
86.6692314889
61.2238414676
56.9614201477
95.1078297385
78.5848237422
89.5946486931
28.2528446561
69.863809258
67.5645187463
95.4750150969
67.4083930177
66.6034597927
81.560530284
39.3476755381
89.7213616754
19.1814594366
86.6809476959
51.346353072
54.1881746493
91.9467647181
66.5582099832
58.0722929363
37.5879993974
74.8834117824
95.1449242299
60.3829635541
50.2488736259
81.2115101945
75.4778624562
69.1111191279
92.3700356299
69.1905851278
49.3946372398
96.1187904197
56.2980694156
69.5851868414
94.8035640526
22.4202444911
90.7481741331
35.0948694076
96.1696235842
83.5903046331
93.6369164118
64.2387474425
83.8650282395
46.4565492584
31.1546872376
75.3556567778
57.7839287036
29.9950415483
84.9886652673
17.8559395207
37.0026779922
15.7552058643
72.8281073565
