neithertonpolytechnic;2001;1;CSC;333
36.6878975585
40.5358052499
98.6490392654
62.3894467176
40.4253076569
89.3419145345
99.497764449
99.5387073784
60.4459085625
60.0801536747
55.8355695686
59.7694129757
79.0361632416
63.9251851174
85.7038121564
91.860879589
99.101469817
39.3121131404
47.0515517435
86.1169802645
49.6154954112
81.2057651318
83.9163630375
89.6515517602
73.1218776232
96.8300858609
77.5120906103
59.9027003165
38.8446493288
44.4455439012
21.6588186719
41.1270531421
88.7011887864
97.9135939969
84.6925785075
59.8151817362
72.6842550204
73.8272037949
78.6948219736
60.5115472244
11.1969780238
81.2073420439
87.207239489
41.6208864731
43.3571669611
61.1256976191
47.2940908666
32.8978811176
63.3862389925
32.0907287928
61.7601919378
38.5131879948
40.7545490088
58.4464717764
58.8410334771
80.9660012368
