neithertonpolytechnic;2001;1;CSC;201
81.5785668583
71.0780308659
94.8303822138
59.1400805114
93.0363135992
90.682328979
97.510478382
64.8371786144
51.6301390496
40.5503620322
90.0859849472
36.3400006653
82.7421359682
79.1339485941
83.1533965552
53.4667485128
64.9535651361
95.4294601879
81.2661394778
94.9604688681
66.423340458
30.7113727895
84.4432137272
96.6767932516
94.9499872419
62.7497352152
81.8942013173
80.9912571389
95.115218407
54.6629402445
57.6638686423
89.5754511986
97.5542268209
91.8565958237
95.4448792344
54.810100854
63.14492514
71.3566082258
68.3623772662
82.085057346
96.0699436035
65.3999391774
62.6086894084
32.292404789
84.064737998
1.54344007469
40.8603866067
78.7565665647
82.1119721864
76.3515592973
85.2297560393
71.9271579352
63.1060679951
69.3269505525
76.6026258743
96.2874234091
11.923184114
29.5927741173
52.4111324262
88.1458741624
31.2048124865
87.8480027084
81.4088345703
33.4000152641
76.2486597039
95.3182537015
42.2111645702
92.3044872083
37.3858409619
94.3790987837
77.8053811865
60.4920406867
31.4712854808
52.578046422
79.7039357366
90.5022472398
43.7818338872
85.8602264963
44.8385209431
88.0290132259
72.3538943769
98.8764464156
80.9249912952
97.8756104969
32.4173740385
46.2742046282
52.0954706006
86.2882294269
35.3245199362
44.7733430695
27.0700511746
42.6598417357
70.4427211844
98.9779261271
61.1396244257
45.9259553437
84.2038430104
88.2836551062
74.7253500147
86.9061898142
56.5894304548
81.4853873088
83.570794754
66.7685351616
67.7083614283
35.7530642004
96.056315846
96.2189929758
80.844560866
54.1781817415
89.6933266277
55.227333552
92.505547317
90.8322818016
77.6528110005
89.0071398692
