neithertonpolytechnic;2001;2;CSC;202
80.857267331
19.4285813544
44.3265095076
66.4806861558
79.1797801349
78.5647410916
51.0232607692
72.8412170085
70.0270176557
73.4093722384
89.8619646469
89.7658082307
81.3281487926
76.6955408476
93.0309345399
77.050569454
49.9467724773
60.6791579671
86.153440103
3.19282192202
62.3405938975
63.5637258519
54.3977643226
82.9223206194
98.4815065089
81.8359990131
67.8835029054
38.134217742
74.087079711
39.6461199557
73.6047108961
7.20451611064
31.963844454
83.6536194392
79.5360551648
23.4271557001
82.4856502841
88.6830359543
67.4167754669
98.9549286981
18.3602019066
92.1993557089
47.3137154004
76.0086522143
76.5824765792
57.8503465326
99.8020267547
38.9456069601
31.5045638008
59.641314217
70.782886929
68.3326683399
53.9264352208
58.9059016207
42.0557279954
64.4754155047
82.9711589285
97.3096201917
45.3599536189
27.7451101253
75.5978519685
92.340671404
99.9055866376
65.2448822076
80.7032424075
30.7541482937
88.0489947767
24.248220198
67.5694016535
46.6545785866
72.3686931095
50.7131865802
46.7004480144
99.9353427111
90.7016879269
48.9974936484
53.7461429718
19.1632759944
38.1780809887
10.9644582684
37.1455265902
31.9404565891
94.0138935075
80.3997139766
43.923004564
86.5692348725
63.32958814
95.237361519
95.7337599839
39.4237377193
58.3510476269
98.3807603631
65.4684638975
87.0582119375
64.0604113674
20.96461734
33.3767004504
34.7034346192
46.104489398
70.5953486828
62.6685505991
95.4583982524
92.1122537187
92.1654206448
92.6110775292
67.3641345975
59.2173920282
89.8587751174
82.308936481
20.1928361953
53.2118313201
55.7669919981
48.2736652927
68.4230772342
88.9977748596
33.0791318282
