neithertonpolytechnic;2001;1;CSC;202
57.3606556824
16.4515224567
97.725717452
81.915894156
15.3225062437
38.0076589693
54.6770711643
80.4581035324
99.7360808622
22.5421706093
20.5775521824
78.9927125142
11.1369016741
38.220992961
92.1871443938
85.3443107631
32.626069099
75.4177277108
69.3275555091
82.4548022063
67.2547481505
78.7537405244
82.6161946105
95.4643997133
80.9295457548
87.221775972
15.9692074134
44.9127724929
53.1737201917
33.1884164825
48.5694257092
72.7659760898
98.904540056
40.9458768159
65.5896109051
59.2940671783
99.8930012685
80.278728374
72.6562724996
40.6610036778
77.9789238372
26.0090161937
77.4892506729
86.4967377785
48.2918204604
72.6992109724
41.373038032
79.0529388347
89.5415074537
42.653583438
43.6512818129
43.5632773075
62.4017664877
45.132447183
98.8563198407
36.914402483
70.8805989945
88.6737324299
19.6608534587
67.5916197473
87.8778895356
35.4193101908
43.752637661
91.2987252459
75.1837977264
58.3091114747
99.7511012547
72.0466858809
56.2342560033
97.8366999291
66.3722724686
26.7301752727
94.3148345568
75.3070150856
58.7549284345
69.7869790711
33.7143443648
8.79781720889
63.5503804495
58.0392111202
82.1201695369
94.0356824403
38.8171726229
54.15627125
38.3726897751
71.2508142613
90.9646280679
20.0007298913
92.3022671086
35.6078591498
69.8209454444
77.2234239643
55.4890196983
69.209618378
14.920031043
54.4141013687
35.9728492319
29.0111938585
58.5364191104
52.925234481
97.5924030526
40.7714797315
81.359614141
50.9466014518
71.7232392883
33.3397100049
35.5344998265
26.5528460841
51.3669008232
