neithertonpolytechnic;2001;2;CSC;302
94.3695956254
92.8578911091
38.8441663791
57.8462332846
84.9095478939
50.5327991469
41.650624946
25.7920117702
77.6351424431
75.4520381436
88.5410351502
97.449357523
53.7832015114
72.4095937514
17.7226526003
29.4049432861
79.6698256576
65.8385286973
66.7692720934
54.1272763319
68.3285886184
44.6250701388
43.1234160108
57.0975482707
95.3543278596
66.8569410981
78.1635736813
20.7635259587
21.7933336424
86.2355893173
57.2063763774
92.5164515949
29.1290653964
85.8959510629
85.9070318942
70.4081763125
49.5378896177
94.0759201668
30.0584067702
20.5673710006
98.7968954874
80.6943652853
24.8372596519
89.6956049144
