neithertonpolytechnic;2001;2;CSC;300
72.553623246
96.4356978432
38.837053537
99.0278116409
76.2231973573
54.4535128513
72.9122902386
28.0948446681
85.6979354261
57.0876060731
46.8928410487
49.3410267069
90.6691299282
52.1293411085
62.0237391056
72.5757688413
47.2314777235
45.4899980563
21.7814990138
96.9100187941
96.0131971181
86.8932902062
82.6780809132
99.0807933385
31.0709255846
45.8728758003
50.4390378478
87.8092129639
93.9947547688
63.045556846
79.303548191
55.8735987743
56.7809727538
79.4681833111
85.1957323096
68.6248937088
96.2979588249
96.2676582032
15.5889192684
60.9621824438
65.9192378383
51.9600874046
97.1142439019
52.0774696175
43.1200670182
24.141537604
54.6457551289
98.7484318277
90.7495425532
99.7931807813
97.7500348327
79.8775796256
60.0749667033
55.9722002428
68.6540977372
29.14197619
76.6021715075
84.1245879335
92.8730843601
