neithertonpolytechnic;2001;2;CSC;201
54.9421255357
82.3832973785
86.2859323867
34.3157151288
98.9447653233
45.6977185045
87.1654376669
21.7784023051
54.7974691837
89.4360423974
90.8520771969
94.4042003313
74.5993917732
94.9842953267
96.8482745631
79.2337290276
81.4612080766
51.3037310087
93.0670318538
73.6491878681
33.281637565
72.0609455853
82.5790740007
74.004860413
50.2007761094
88.4048227096
22.287832218
86.5018529505
91.5519517722
69.894130386
84.4643589289
59.5239963982
91.9233995042
94.6254935908
36.7887019179
52.9161237236
60.4628398854
81.6976982762
88.131551721
86.7212147624
39.6544582043
87.821592123
88.7329087784
59.2998850129
51.3545369181
62.5708341526
45.1465237882
57.068088401
80.4165705708
87.756832326
11.7183568856
55.8821059756
46.1101736513
62.6830155982
99.4468262614
70.9714433504
32.6293380672
40.2865324567
56.485672994
91.8674428351
16.4569198832
35.5968183016
90.7145116998
73.7901700885
96.2717103281
80.6418725912
54.8232253267
89.5205285316
55.1611087903
98.5785444229
41.8292338592
65.5638743589
45.8925953961
50.1809584342
80.1899002332
73.6401339248
14.5752091351
71.4924718166
86.9726165743
17.2759758749
99.5168723996
29.2138428978
82.0930136673
30.8738931457
91.0715021531
68.5736725513
80.9895383485
59.8133817965
88.0846662593
82.8742854483
