neithertonpolytechnic;2001;1;CSC;333
97.4061342756
69.1037683654
91.7737573317
37.6582831272
89.0081755038
50.8330574309
61.7931318746
54.2710568985
97.4730714536
68.42608568
95.5100367975
68.4152039508
88.7687327448
60.0919473839
94.3333384098
65.5980298338
58.152409125
62.028163468
79.9375339701
39.6786482641
36.206134043
31.1082971665
66.4182729888
90.1148687817
88.2361356349
84.3847449924
94.9272257519
38.4565457559
65.7376660594
90.883957196
96.833579861
84.8618156228
26.8812170089
66.2075377481
38.2540391816
76.9693641674
39.9987620119
54.1692035633
34.493371355
48.0206823631
60.332150755
88.1989580585
87.7086000535
57.148030642
73.7383535324
71.9915666306
82.6730206307
86.1886215955
43.414757641
47.9215891284
54.0917433964
69.0399715375
87.6608684516
48.3546371929
91.9428656379
59.5115012498
33.8951288472
68.9118284681
98.9494237475
85.1293112418
61.445579909
98.9693617854
56.7376574056
97.7775109102
33.25165869
47.5981232166
92.596446972
69.9053405867
66.9722830906
28.4176894921
