neithertonpolytechnic;2001;1;CSC;105
33.4925185095
99.3889165668
41.3341454296
73.5104718936
30.5197797226
53.359216136
64.184713492
66.0989135791
98.1694978459
58.1487153679
94.0339194637
48.2841310725
79.8867945439
69.712634771
89.3221406832
47.7005703602
76.9705891073
20.458478322
86.022279179
72.2387141516
56.2363307325
95.5753596343
47.5085520823
28.5648301554
74.406829846
56.4432419276
96.5512518431
94.4141076428
19.2280528374
45.6634098355
72.2359518381
78.4718225231
92.9102259322
95.8986624696
13.2706112852
80.4935097856
98.2802282792
57.377815733
50.1214010541
53.5407740796
39.0261130518
55.7756191299
71.9213325072
85.9638386219
82.9753533665
71.4951334833
61.6512325627
98.0285611079
96.294454506
57.1334332283
73.7460149811
59.5405650894
66.6213254405
59.6385921638
74.6397698507
73.2461608801
63.1806197871
68.9237412185
72.847262719
65.9271144035
58.7665746373
97.7292335596
89.3720501891
19.7765127963
36.3190380954
75.6792418935
15.4968213503
58.5032684638
61.6903564617
58.9402940762
27.3415721634
99.7718523638
38.55535898
48.9189960721
14.5226408041
96.6655072324
99.4515659698
40.1395008179
94.5036511546
69.1671507882
93.5341080724
27.0461365324
54.9191120961
89.9714001448
87.9463634262
12.5855359117
94.8537016607
98.8298168588
88.823688301
84.4540373793
83.701194268
37.8518425911
68.9734907059
90.7416156665
78.6544860074
91.3962371789
48.0598750125
80.3854279255
