neithertonpolytechnic;2001;2;CSC;301
32.4052917764
92.4438107327
65.3315561453
55.0747726815
54.9658825303
94.0488382322
33.7219518944
53.2049688363
84.202985283
59.2896996933
84.5158652611
91.9645893544
94.6593277917
33.1189194264
98.7427648116
23.3834379684
63.7401356518
67.2820710653
39.7352415689
24.6684221573
78.6619273607
72.4995797593
87.1066694389
58.9840328956
95.0890225337
64.6992423742
15.370324327
94.3550798195
78.2114237168
52.0738715161
34.0919192167
81.3295852194
95.0159806947
53.5873423195
81.1745914342
94.0774250458
35.4715568632
35.1964504786
47.0518568832
67.8639999553
89.3350283389
48.5443131867
50.800015901
66.2695668131
92.2812504151
76.0129506231
66.8816199074
87.4467546233
81.1043835476
74.5803584041
18.2122608427
66.8845022223
99.0280850621
83.9777521119
90.7508974143
