neithertonpolytechnic;2001;2;CSC;201
58.8514046216
28.150967647
41.5491672371
71.2529962701
95.1651398764
82.9685990705
68.1880885592
42.9544713917
94.57714969
89.5548489745
85.2506992872
86.8288467464
64.8774605502
94.1959922416
99.2608267244
71.0021557244
76.0727154303
67.6109465526
75.2743866927
86.974611273
61.749251647
93.5074417399
48.9560562776
67.9047900447
35.4519019561
3.23615581257
81.8968077996
95.1533668314
63.3840632537
68.3638118701
47.4211924318
97.3576987829
94.9691797953
77.7658125279
44.4158661869
6.66627903861
27.1721520974
98.840968242
60.7440756177
87.0405973008
85.1874647465
84.7457223861
18.8372863384
57.0374556389
51.3174421429
88.8664276543
63.0852298383
22.6121383408
86.8125615639
21.3423252304
68.1233902065
72.6929280988
38.4096003733
40.114615784
66.5692650325
73.4585249305
71.4068137117
48.1546187815
82.3946812551
76.4221670809
60.5049500503
76.3589503153
95.4732845149
28.6544403897
63.227520839
91.0460589294
97.5138908564
48.7723202678
74.2414875696
65.3956678846
77.7669886309
30.9721328633
98.0777532171
46.8009668475
37.2231981858
30.0856130793
40.4036391243
73.0059104027
29.5469167834
21.0234838541
63.235464592
93.4275124996
52.2315096581
80.6066645317
97.5414898514
52.390641772
88.355362981
75.8463437109
80.392117244
61.9452052598
90.1253508731
84.8002482243
61.5422504375
87.5224371299
74.6086678546
26.7875894875
36.0312102749
71.84878302
66.4567231545
87.6741511008
99.3707389478
28.9656751356
