neithertonpolytechnic;2001;2;CSC;333
47.9010927455
65.1824028562
73.970175104
84.680756834
85.9375955223
64.268675725
97.6646564079
30.2249508473
81.6340310232
65.0026068967
53.2230969764
68.0871579919
39.0576584437
89.926886307
16.9544316974
82.619253544
61.3936704871
51.8653389025
89.5651817748
75.971293079
85.4006594115
19.0348597544
69.2992200318
58.5057686337
88.4593343653
88.1047264722
45.0311387633
18.9428670466
16.6263440846
89.4266078023
30.9696621536
64.549385614
75.8733095185
44.2717941162
57.157362944
80.655805303
99.4923104458
85.9437819557
72.7090639402
43.472062448
85.907875851
59.2852699416
98.4967634055
82.1530383526
50.5156794693
17.6030765436
75.6304887781
51.2984853288
48.5981198755
70.3764726485
91.8639525997
32.1831037189
