neithertonpolytechnic;2001;1;CSC;201
96.790065214
84.243955762
44.7769019802
70.6112612412
56.8322322368
56.8066126838
95.2937658107
71.7050277974
34.9274818513
99.9982565491
54.3365973159
24.2374180543
72.3409570162
32.0303856762
62.9035251105
69.675049436
56.0078990392
99.7531061242
73.4962961476
70.5699935088
96.7067050578
83.0925655104
18.0924902916
90.0985182224
88.0851415656
84.5836092962
83.5600663261
60.276689465
87.3879939451
70.068181117
26.1923051883
83.8268911207
81.0289194004
22.6403413226
14.4245464781
60.5062826038
85.7213274572
40.6076606272
83.2944609836
18.9872926832
98.2659302039
79.295816586
45.6206430201
70.8963245633
23.5373525739
73.7143858662
13.1497461071
62.4294845515
18.3859064461
55.5264769934
54.3468892681
87.0636190096
86.3247667605
86.0619897501
32.2420741213
86.0350351615
61.466900288
86.6929843691
42.7228057719
36.7758566779
76.707825164
27.0786674409
75.3220389459
21.7415524351
42.661048892
22.2116723332
67.131026911
91.7362964874
86.8984908359
42.8946765309
99.888970614
75.5317376593
89.8254324181
97.2931179069
91.2113497364
77.842775773
99.2690791896
45.1161365422
69.9004938023
97.0162255609
80.1894086362
93.7709624312
69.0876770431
97.3549188263
50.9011510002
60.2022497842
48.4450447872
75.6764986917
86.0268497739
75.2068185318
43.0996150426
56.1013359945
98.0349035027
15.3163817057
15.3219529788
79.225178283
