neithertonpolytechnic;2001;1;CSC;400
92.5783281424
21.2712936354
79.7640147587
61.1819283852
87.81576671
74.7138789963
63.968200309
17.3866215842
54.2742196527
79.4715855876
95.4039151441
85.9468061831
17.3681368378
87.5564242442
68.3217540522
72.6624080666
66.9986038244
82.0148683085
23.9085469127
92.5862043547
21.6337513865
93.0982453961
62.1491567041
62.674485917
53.6222558728
21.9477483108
58.662306218
94.8993722257
32.0856491642
15.9505594432
56.7449027745
35.2517095335
85.0262414615
78.8830862148
95.2503846969
33.4428531024
92.3054978749
14.4852606711
82.4009288906
90.8005704255
86.9412170864
63.1194239992
56.0459977922
89.603833352
59.9884624198
34.6369412994
71.1095745913
33.6340330734
85.2376834208
52.4863095563
99.4214756814
80.9708092402
52.8897271368
87.2102426346
