neithertonpolytechnic;2001;2;CSC;105
32.4584438166
98.843699352
52.3710141048
24.162011789
86.5629166589
41.5691256862
74.6709094425
72.6491562215
53.4536713056
70.0316810901
45.9743237752
47.4158686357
80.7560876577
41.3338607166
15.3077738226
81.3725269764
41.3986158859
63.1322482466
47.5680630129
88.4631581971
45.3487453092
84.0114601367
53.6204100374
57.8855148272
19.2318821618
51.8606449746
51.277753711
69.5084303939
85.6812053956
61.6366590414
37.2640937723
35.8568105268
76.9389608463
89.6747900952
97.819160256
59.2298247149
61.1350072904
84.9545860321
91.3577756601
81.3977679249
99.8240236732
19.336646939
78.6927508275
55.2741051758
86.9542623723
51.3729552688
92.9655520326
41.4119310316
43.248710713
98.1501517709
90.8666660355
73.9444264913
37.1656487729
66.5647359981
77.0626064265
96.3861047951
98.5098740269
79.9775537715
88.0278069158
46.459472863
71.3020504461
25.9573659995
78.3440720181
86.8004758318
35.0450341208
78.5507172402
66.3601047488
58.1381744463
59.2839641559
55.8468705313
6.05262367335
24.7440483322
97.9898137137
72.1289540267
94.6198560788
91.5077207916
96.0533916752
26.2081471538
96.8265446905
57.1403691734
84.3229978036
45.5545971861
46.7124440692
76.0616430268
95.8334103333
79.8446005486
87.1479213251
96.0970924235
58.0663020108
72.3256833903
85.8187862215
88.6412272771
56.6136229269
87.1814049266
83.1140334582
13.660636783
27.8442409543
84.1831026088
68.8386343532
81.2486146573
79.1443757455
21.5163645371
85.9556068273
47.9208287029
80.9166289248
97.6169206277
