neithertonpolytechnic;2001;2;CSC;400
65.2642941967
75.559408307
67.7791516742
95.5163831072
73.5726280591
85.6261909799
83.6615521868
92.1794268069
48.8755682867
24.1132589758
71.4840318095
91.1736691418
45.5416079181
9.47298495423
19.9741912526
96.266380741
65.1441945534
84.0692523508
88.2643314526
73.2220143546
86.6432375829
45.6302029124
97.7577136146
92.6114596802
64.2334970487
74.1164579509
57.2985899902
87.4077668279
82.1152331433
69.4144202117
41.8377632844
21.7006400564
37.7114916867
35.4293505055
76.4528570792
56.8518818556
55.9721044328
91.3143523288
