neithertonpolytechnic;2001;1;CSC;302
72.7684449404
22.7505647226
37.2750265993
55.261452567
87.9139350164
69.4527992847
32.4985263782
75.6768934134
60.960417629
90.8520894483
59.4773826386
74.1429041501
37.5449743133
61.0441910738
36.8203670648
92.9045184956
96.644558358
58.1796463519
23.219320537
5.23058503424
24.8923127385
31.3227748851
94.7596097615
75.8623731472
81.6123616445
18.0735807185
86.4462613294
36.3903768416
90.6296609445
88.8933581469
50.4691284532
78.2578682476
78.7558168803
96.4168440774
42.4491890246
