neithertonpolytechnic;2001;1;CSC;301
40.889024217
80.227655111
26.3471962078
44.2160940043
26.3380917012
51.0016885288
87.3570821243
85.9310875533
67.8144198939
76.33165321
51.9109624249
63.7518875685
94.851171085
63.511724597
58.4846666808
82.0338320165
65.803961323
4.62813007694
18.3287468036
57.6323865349
36.403917752
96.6548102153
98.2961304375
87.4918004619
71.2288338671
45.9847493578
66.3820892172
79.3161724943
85.8209984995
84.0901111171
67.8711299272
37.6995074765
29.9739319
42.3976872081
79.0191914746
32.5987208939
99.6998977207
43.8297400291
69.2630366907
66.1438710768
99.7604550408
94.758537054
87.963730866
88.446988954
90.2367735573
89.4291200844
62.900136533
97.5978853809
78.2760041188
97.5662995011
14.3935101677
61.3099517962
35.0178284783
76.2885394195
82.0655290975
70.886561591
21.5264463786
85.6083648143
89.4381463927
20.1494834949
