neithertonpolytechnic;2001;1;CSC;105
70.2005871757
77.3631061418
61.6181720201
34.8002876653
74.3826168872
51.6478829225
84.7991915569
23.8603091571
72.8895455486
99.68072794
99.4341847988
79.7413263386
52.5468967702
99.7573787987
29.4274271554
52.6007961997
54.8942524677
98.5040152772
75.2280173548
47.2020980565
86.3297288241
95.4025646459
63.4945092527
31.0638304766
21.6114836133
91.9690938731
24.7436048496
62.6506348207
44.5818718514
91.9663965854
33.770932839
10.6479987025
76.6387222095
99.679861309
52.3065158975
48.7434760553
45.5714351032
51.2172933334
54.2676125863
40.4692739661
10.3203017836
37.0614074823
76.2021828934
89.9471574471
37.3114139779
53.6989164238
86.7460143546
64.8173996878
22.8936793422
47.1709724779
62.2283808109
83.5479864929
85.5294098367
81.9019477439
57.6467097745
81.0528212711
64.4868646355
66.0280482857
46.4286962816
54.0862310229
35.0750576195
33.0411740859
44.9034003557
68.0996317843
67.4081407616
76.3036801403
54.3823766374
47.5516062339
80.2220278136
61.9803353162
64.337125281
69.1803279188
81.2845349565
68.5734694162
77.5558543115
39.7520787911
96.1871460259
85.2169663916
92.6937665554
66.6304578771
82.8726139882
93.1193839956
55.4845851841
72.3671229641
95.6326170436
83.828205678
50.5500029857
86.8189373562
61.2815840115
93.7201602845
73.2303186476
83.9707632699
50.253131005
95.8640581492
90.3678114383
74.6214258484
