neithertonpolytechnic;2001;1;CSC;300
97.7971396021
93.3168632273
68.2077082868
94.6818047102
78.0415033229
57.7352092402
80.0482177012
65.4711512073
80.336367707
86.1537971329
56.873207905
64.6511458861
39.3715157011
94.9886023135
89.4330257358
95.7803871981
99.880977459
97.9842715061
54.7817125763
94.1416545082
44.3471592758
88.3708437032
83.5905435724
25.4584812529
54.499441569
59.5744972339
74.952883252
54.3602958014
94.9988375785
78.8632049139
54.9302908225
44.3171649492
58.2754339662
53.626182692
70.396552773
83.0132990159
92.5918408696
86.6146104042
85.5452900271
94.5654405069
68.3853778012
66.1192888028
70.0303901408
97.3868537184
