neithertonpolytechnic;2002;1;CSC;302
79.8155002585
61.3601925828
64.6549967888
88.6046954003
58.2369471415
45.8306323069
65.8525698715
65.6527406847
24.7134902374
55.8739653183
97.3354403252
94.7274584824
65.8396912114
71.7504349181
96.1276526053
44.0234422257
69.4169485253
37.0735541798
54.3635328794
78.0326840046
48.2645677888
25.7000978596
92.7548479108
59.2389255444
35.0173085156
35.2245403675
45.3629063539
51.400978581
73.071025605
87.038713451
51.6764451397
95.1398878492
71.8858366497
92.0631557736
21.7797544253
81.4983770741
58.9438389308
