neithertonpolytechnic;2002;1;CSC;105
58.8907772674
61.3846132621
96.7914161238
87.9466761817
1.34410540266
28.9042470914
34.5491033069
57.7480839391
95.2145508415
56.8217034201
61.0220576614
81.8711544861
24.4239258003
93.4303479634
64.5331476623
36.5151151402
81.0887137025
13.7669090228
68.2993121306
40.2249740822
52.6021902628
83.9417710015
72.828716917
15.2673983129
83.996074055
60.6221742432
63.4965271192
56.3102648054
72.767205718
38.5556289784
70.4037965496
76.4809084416
68.0756201846
18.8474664937
50.8730173838
96.9993300448
90.9872592841
48.7553535618
92.4131949353
71.0420049795
51.6172585502
61.808679445
43.0193893088
98.9010244595
45.496499993
34.805014885
42.3375717344
77.5138399573
80.7914557354
38.2776549515
87.503387003
82.7691505068
89.724475193
70.549318961
48.4791019448
64.1659531938
37.6970793201
74.7091637013
85.2747128066
56.9272868698
83.4656011437
45.8232629591
73.9520011009
49.8156870503
98.9330907036
95.2366069447
80.7759457381
9.79614100516
34.5089940284
98.4968745916
20.2131258275
12.4818321885
31.0126606238
64.5987501929
95.6985849282
60.6347468979
45.1756068171
84.691378011
73.9321943573
93.9816772203
99.2256399774
85.8075757121
87.3641810031
89.5284491397
33.0798663278
92.1406230314
85.2895830337
99.2035946423
76.3318685239
74.9545285733
68.8491306153
76.3665457392
94.8381254318
81.7027058793
89.3750863468
71.2362137829
73.6814924015
56.2764751562
39.6325403081
83.7398655048
64.6141926695
66.8929762495
89.8379105034
14.0073797006
54.4028555405
56.5775968642
70.752898681
69.4266033517
45.7757658099
78.2522894469
88.8117459746
96.2342652021
71.4972674728
