neithertonpolytechnic;2002;2;CSC;400
31.2470010517
25.455488439
60.2352262481
72.8044926752
86.6160206012
90.4778212996
81.2162240194
90.4378701649
92.8666164704
59.4410515822
86.658369529
68.4439272164
62.874739123
74.0636638467
15.0294566904
83.1726851335
64.6690357842
91.0125753134
22.6642657799
97.2417684375
88.3686471345
63.9323309097
84.7271789936
38.7342790247
51.2051258813
36.4906602185
63.5072974601
86.0690761042
51.8908219444
72.5932606361
24.6217744048
99.5224419154
58.0029823702
22.2201388624
88.0110376454
97.6784878231
88.3752286235
