neithertonpolytechnic;2002;2;CSC;300
85.8771127276
92.0921775592
58.4753395978
89.4907320942
73.2524542624
74.6134399035
36.3368099873
72.935967987
80.0349038633
85.3025737001
87.5949669739
81.6796768972
85.2630437238
91.6754114227
86.9425004988
28.924546339
40.848860785
82.070438525
60.6018037438
95.3713598975
63.7574596313
22.562760655
75.4648868299
78.4130366839
98.8158474771
84.0239524679
21.4642891215
81.9351080286
92.9336704754
83.2939142351
90.5909930932
51.1321865357
54.4637193667
41.2651359697
76.1969886433
37.098770221
86.7463841784
58.6160861998
35.5674361661
50.0766154026
