neithertonpolytechnic;2002;2;CSC;202
88.4365750581
57.4635711992
99.1976024437
94.8827741384
93.6747617605
86.4888841566
50.2805604764
28.0730298145
76.7132461379
33.7171732342
88.4057812443
89.582186654
80.9313119034
43.4264145122
59.04781746
95.6386863015
83.2480813328
93.8692181879
96.61728571
74.1739385407
31.3926409609
87.3480584448
96.3336964309
98.5856883643
97.5422304755
87.8167216505
86.950320325
68.7663485399
66.5347058185
49.7677882202
79.0831278064
73.6045923905
12.883700884
59.3247459222
67.7642036132
70.9558818765
70.6704274533
81.4723234704
93.6669451659
42.9309387115
51.3005262611
30.5556529393
88.7477482207
64.640016932
21.7926941657
76.7197909288
42.04978944
96.0024632264
95.7383926926
61.8242564712
57.1980374144
86.1910451686
83.5629393999
81.652619381
69.8822359166
84.1393003396
50.3709271982
81.5252880844
72.0485806185
25.1777355735
11.9442870846
8.58349023011
98.3356261747
46.5339084166
53.3974541377
56.0699759645
30.2805293011
73.9456675233
45.6535767212
78.2691147684
62.2395981197
56.6008001163
76.4966625066
44.9518296265
95.9818453175
72.6459975134
93.7901204397
98.9820788409
61.2726982317
65.3032947646
91.757020345
65.8770087732
81.761155163
95.7172413608
79.2733145705
85.6135830669
84.2866172833
78.3022246359
62.8289735676
92.0491744958
37.5349630445
18.1877232961
58.8608657045
95.1169931087
89.2861103939
51.5744292662
72.7743363297
90.5286924489
91.1843114092
27.0417447759
28.3664307203
96.737955328
14.771887612
85.3971908809
64.8364875024
74.1435373604
99.3089782504
28.0386965812
71.2463793309
63.4982062745
71.2275175281
99.7600261676
67.0445719821
55.1385716409
56.9193771484
84.3786138157
