neithertonpolytechnic;2002;2;CSC;333
65.4076519201
39.2867995467
9.1426881874
50.0201878169
34.8690819349
99.1889047076
63.3450216347
71.7608005436
16.2324527094
47.0047143425
70.3003983101
36.9722523563
27.9722382728
82.8745745547
99.2645978291
80.1203584173
48.0884262209
87.4737692264
16.6483182144
63.1194261372
65.7263282064
96.492457486
40.5143225307
66.6832896035
36.7659800556
87.2594444066
94.7960070774
96.3862478255
55.9113049715
90.5402294107
66.3719461143
93.0253502372
74.3739003795
73.9268713175
38.3550051665
26.3130990613
6.44326021068
79.5278727777
54.2162215753
36.4334765641
92.3929603741
44.184646009
46.5575442643
43.126682088
40.9615615948
53.402346349
29.7761075814
77.6376282678
83.5646152021
77.973345568
69.6510692947
90.1043803869
89.3822911312
92.8155845222
44.2389933547
66.2812434776
38.9432556459
6.26802349813
87.4819983858
84.7062012343
56.4677607791
73.2787649957
