neithertonpolytechnic;2002;2;CSC;105
87.1770339357
61.8380612856
51.7799906517
18.7866204764
28.4133790058
97.1929958604
87.7089864514
78.1245181197
57.3176258698
97.3959932237
41.8909925068
73.0392280718
0.646581971978
96.2741867331
89.1963165619
93.2042274211
76.156448036
39.7383477231
36.4787134289
73.1422064916
59.2937116347
60.6657457088
35.913112211
65.8712543092
26.225505686
90.9665716345
65.3446095364
92.2150229751
86.6297847303
52.8181715085
46.9163288869
74.44692588
41.8964834947
69.0996573718
64.4958593171
96.517588229
64.9144736271
83.9198592373
90.0407650522
72.9578165489
57.057768244
47.9685717411
23.2453851275
65.2525475072
45.4567725572
59.3718402682
39.3093929542
73.5866163021
77.6446275894
41.9469527693
70.4909244129
26.8726067589
89.7193512536
77.671059471
94.0943002752
59.8725158588
84.1086717818
22.9505603351
64.8421695288
86.8719573695
52.3407994679
70.0517188377
40.1236471038
99.9788764173
28.6615303933
94.7375651953
94.2538826654
84.5048522526
77.8794074104
42.8776956561
34.6683148193
99.3088896989
62.5168065449
64.6414221571
75.3596344295
67.6981719997
67.8647454087
62.996751203
99.8316118771
98.3562486517
81.0312444895
98.929248119
74.4711286509
38.3834541855
99.3687071063
