neithertonpolytechnic;2002;2;CSC;300
64.8298361511
53.7149798562
94.0815070126
85.5379174967
88.6789550346
64.3354841607
95.9639540221
74.7886485067
95.3038632945
75.4300840066
80.4767897181
96.4976728247
93.5119139985
86.8924080967
76.3396116462
92.3492154061
64.0101933047
92.5748197148
58.1730256926
26.6665360583
92.6729403819
43.0428216146
55.2152923542
90.5094786914
95.1775733074
22.7058675488
77.5543713795
57.7840315367
66.8268519951
88.9265992743
39.5979416303
77.1897008068
89.6734138984
89.3127831507
84.9005775302
99.1310155221
67.149474912
93.3521567387
94.8096352047
95.9712535451
33.256174993
27.6941253617
85.4122168704
96.5273837126
70.1029754042
95.1352525004
88.1424242077
39.9013826892
45.9116184601
90.1711029228
92.8350450865
76.3226973716
95.2376363173
78.1836433711
7.03650244581
78.7069296775
57.242061976
28.7044661629
30.9168183102
80.443913501
84.5479537696
95.979007248
93.4564628064
72.0898229497
75.0489138144
8.2378207275
53.5512075442
72.3182594975
34.7361622654
97.8807945561
69.1082435828
19.1334235047
98.2197919633
31.9250592523
59.564308652
81.4875884831
94.1301098024
63.3671312653
33.6733730473
64.0644097352
44.782076415
