neithertonpolytechnic;2002;2;CSC;302
16.2581366207
35.6636912319
39.719786764
93.7244142584
73.6256783473
94.7452365592
73.8728521126
90.9784501961
63.8305031176
96.4114128694
79.2131077959
4.80792081175
97.857437831
30.9026607181
42.6370814615
93.7978252853
51.9889017367
19.3783165417
92.2360487338
19.1625174446
22.6377644488
66.5927501899
59.0481438484
99.5740395923
64.1087595603
41.1013344853
50.3059817395
82.573622201
33.7856660893
76.2042283007
73.1870238678
75.2861672392
41.3177394371
93.8209736511
90.5105651248
95.6202869521
59.48421677
84.5312155412
19.1915601651
9.35471725454
87.6721984002
64.0831591647
75.6952110584
51.8136223384
74.513115772
55.6989459143
64.063982922
35.7756439512
86.6455325304
71.0486194485
19.4773335097
76.0431938799
68.4322299132
26.9197641101
75.5371743878
69.7103602887
67.0193654659
16.5584962355
48.2827414431
70.7854385585
89.5001266299
94.4789957147
45.1642072513
73.2824446415
71.5370919572
96.2038829742
62.4058214426
