neithertonpolytechnic;2002;1;CSC;201
87.8270099883
74.3782689734
83.7008540132
89.8298899415
81.0016432594
54.3857191477
56.208807867
83.0545357262
83.7054165716
77.7025963759
90.2242043052
63.4986447035
74.5254971241
42.7844535297
98.6163171711
46.915487146
70.8500066251
44.8573754857
98.7589596413
22.7466292397
64.602566913
58.0052132958
58.4256360675
54.8081964851
43.952350859
52.3744728272
19.1339814602
48.1686699993
91.5972113362
63.1123218614
71.979115641
82.3982541888
71.3864174633
59.8764915601
29.548555091
71.3567184234
33.0228723931
21.7197912102
74.0828190408
59.4067867201
66.3502384648
22.3673990476
4.12130732653
19.0028488747
97.0605297207
61.0615995894
50.5084972405
76.1727992478
67.5613742754
89.6895917301
45.4255753548
65.507357882
85.9745595137
89.5694236776
62.0401178562
61.3875375484
68.8352776031
87.5793574049
53.6401676385
42.3516438749
81.2217255288
82.7938472761
87.6123782663
38.1025164995
75.5122510694
71.7371865764
76.0115724658
84.2491402427
63.9542941301
93.1709120377
46.4374484993
48.5762859845
23.4047157891
63.8744330894
78.3109634114
78.4685991934
38.6336978684
89.8040641042
71.7800250704
84.1798562493
47.1549281333
59.4949468495
74.9057878518
12.9373707989
88.970059741
54.8790988547
85.3209194713
93.6505554173
73.4017291618
78.5714593431
59.4589878588
85.6514869032
56.8048471373
54.0073650612
79.7238396433
16.2574552346
71.1935502634
40.2911922659
78.5976598397
46.5108292627
91.9945456263
90.9898084873
95.943140275
