neithertonpolytechnic;2002;1;CSC;333
74.4242987123
91.0389715484
75.5698333355
73.3614447473
44.1383163681
96.9963731779
96.3110050086
41.3717862692
51.9105286486
8.95092711397
34.9490464445
99.8641232291
98.278586084
80.4628600946
71.4733595014
63.1897673032
96.8550528658
43.4439740458
73.0136270959
43.3455829387
99.3028842498
38.2287100476
23.1064187401
85.3922084294
70.7909798617
19.7939426449
46.2281371343
95.9847735582
98.4280726525
43.7300415284
52.9947843465
79.1066833051
88.2845279088
81.6173739677
83.1864113843
31.5716179802
99.326482966
48.6841370665
50.1924766058
70.554271181
77.7526838518
44.1861237932
53.4148529835
50.4588917349
37.1611480511
15.1227262204
78.7859151177
42.8723774291
67.2357185311
49.6811324851
66.899823413
53.8490136325
87.088103786
55.0742034666
44.2755626474
47.3430490805
63.1744703676
95.312711638
73.5805975914
75.98276734
64.3808168078
99.8869867218
43.0453272198
73.2293793506
97.8505170956
94.2072939498
7.31145636487
91.2693075308
29.0328316387
95.4218266493
79.6806348421
