neithertonpolytechnic;2002;1;CSC;301
88.3660771388
77.5364087693
76.6178066411
36.1089381099
71.5150865873
62.5461269828
64.7288990602
75.0655216509
55.7073522161
95.1896527499
82.3063769684
46.9366285026
96.9528475792
78.073085167
79.6257573426
88.0509798373
47.7348591576
13.1728123239
87.9403796473
59.9225567202
60.556618419
56.8839833859
82.4628520444
25.8247467356
73.1549301074
29.1261248045
41.7539467362
32.8066707633
88.2251684417
84.4522288142
71.1807824105
68.2267575381
46.2454892855
86.4096759577
58.1860170713
81.5314579876
89.7598447495
30.1665631091
49.4998667305
36.2872813279
93.2827617775
14.0202165936
26.2528251963
30.4267253613
41.4537332096
61.6125737784
48.3826156796
38.2098914109
19.5749173564
56.5563849729
21.1470260357
90.1796685142
89.2486510025
77.4364341928
