neithertonpolytechnic;2002;2;CSC;201
98.5681777482
79.9116437797
52.4642276041
52.4763112228
77.8807569217
44.5348594868
78.7916384722
73.1167671241
85.7639313607
66.7137863236
95.7661385501
28.0709184144
67.4325916237
79.4029625192
7.69826801108
98.9876679894
99.9777783443
82.1965270156
60.1473599294
94.0754109285
68.779724304
69.6174724357
56.4826681426
52.9448753222
87.4922062686
94.4360735632
86.5438426293
73.5658547926
86.622112496
20.3674262242
66.4726946763
88.1223721351
51.0091269948
93.6665482152
62.9548484707
53.0807006417
86.1833535652
78.6155822921
94.839183584
91.1369797986
98.3524720547
79.9317267607
78.4858051528
87.4733531169
88.7975929422
61.6261611802
95.7969650818
46.5881908374
19.2045804845
71.5951717534
42.778230702
52.1077865786
92.019345643
55.2246944854
76.6184725915
88.3651308131
68.4206893907
88.1308941569
90.9664820627
78.8283823817
17.2742019043
84.6713351238
19.1486143727
90.885072691
89.0680272358
74.6633289793
97.9934138227
80.2046462334
31.0522588071
75.7164547108
54.1261268844
97.1753543122
17.0754742914
85.1169226326
98.4598262284
77.3502770212
43.9837614792
51.2565763789
97.2138917475
31.31128147
59.8904504715
36.8174214232
80.3423440137
73.7579248711
46.5783825398
80.2282033753
44.3916396804
73.968705311
