neithertonpolytechnic;2002;1;CSC;301
91.4021928271
72.4703686328
37.1730145882
97.1039422779
23.0238898179
75.2217149682
94.6462205401
84.14733707
69.4062779138
84.92655012
41.1295781233
44.3509434115
57.7898885758
62.3755621837
36.4727303063
24.2706929597
96.1378648542
89.883900436
77.0101682878
36.684384016
73.5807779979
13.7263349643
45.2747487869
26.7540115368
97.2626284922
96.1230755094
71.7828731715
72.6527522766
69.0538509551
77.8509693322
60.3831872349
28.1198897497
98.9278565345
66.2472156041
70.0858632911
90.5776164231
75.4786536769
41.7900532246
83.7979658996
77.6089334317
51.6345929192
98.8538362095
58.4464877541
39.3028016136
63.0736082296
12.4617439688
92.2142396116
34.1768849989
47.7198015582
89.7363673345
99.5505027989
95.0834901169
87.4938817378
95.3914205879
45.8512384104
84.1486948966
65.4394941375
60.4427289011
66.7970951485
80.8991059088
70.4064816537
71.8666880504
97.2278429276
