neithertonpolytechnic;2002;2;CSC;301
25.967387129
92.1745750303
90.4603559424
69.7268748748
99.4791422939
62.0735610032
95.3416846288
41.4152208802
39.3134804859
56.9127437317
31.2750755673
91.1945312633
81.7417376958
34.1335680527
73.2026992361
16.4496697591
35.2170422645
77.7129171797
48.8783281552
33.8220893745
6.41800836594
64.4681421783
91.5475801451
87.974227233
23.8161755401
91.0109051152
97.6733965442
83.7808345428
82.4147076334
59.8018471982
88.4232643082
63.721677015
15.7837122283
86.3674675758
54.4736366294
68.2754760553
19.053619274
89.2325412366
98.6578486031
44.7204308393
45.3117787992
34.4336328118
51.1642485481
81.2409589651
77.3648775268
82.6102253585
87.876568842
43.3782791745
96.1565708957
98.4781207879
97.9445759165
62.9757695108
68.6970679848
19.5120653564
