neithertonpolytechnic;2002;1;CSC;300
83.5202267681
77.722842441
43.9689246496
50.6923319708
83.0673461781
47.4562867599
75.7978811045
79.9510834911
49.3912729374
73.0236094022
97.3892501561
80.0773064075
70.4784610665
37.9139053098
63.2830381055
36.7957331595
76.8955528927
64.332433849
92.7934884601
72.0382282543
20.2569949197
41.1186989343
18.0795906498
71.3490694591
80.2764907512
92.1757572157
43.1371857963
83.1921407084
56.203108434
95.1655011987
63.067112815
44.5337774848
60.9523110924
81.0040303574
92.618539402
46.0677091824
68.369023183
99.3194246218
74.5684821308
87.5817974301
49.2057636069
47.4203927569
78.6930487652
60.7557182315
66.1424745634
87.857682551
99.626368936
64.207241537
74.2950162668
46.225973936
30.5387293556
35.1418679201
72.8172297627
95.9114915717
52.8302530437
51.9296686002
38.7814809036
75.0827548096
62.6394122013
99.546994561
98.5560481001
98.1432727162
95.4773026083
96.7896010407
94.5499749844
99.8544612689
48.829851649
35.611544525
