neithertonpolytechnic;2002;2;CSC;201
98.0729367447
83.7370166218
40.8810950316
59.5820336921
58.5486897909
47.848980914
75.73051837
88.7912423067
78.5441055697
21.5196306983
79.7627564041
74.0518820836
93.8067520161
42.7985417166
83.2192121453
94.038786121
96.1874161417
69.3683429179
69.0704190187
64.4684645795
61.2470941939
72.5445328048
76.7090466853
49.4537353124
6.84939963378
43.7004767456
50.77891396
91.4744559413
56.4471765075
14.3511098971
69.9366863466
26.8401595312
11.228283445
45.3300125624
50.2182573715
94.3165302844
51.5814706218
66.2305687881
92.6011150837
45.0157007759
71.3803253599
36.3506631108
66.739887995
85.0968003959
51.7894333146
50.1424155652
66.7116395279
91.5559520103
86.4495240863
40.2840877673
68.5123032579
61.7099086986
69.2128099128
86.7504315078
94.5668378791
95.6085268033
79.9692416945
39.1055562118
54.9191712207
49.1868628179
66.3795237116
26.444518337
91.1900098106
99.1745119288
66.422209324
80.8218174668
32.8950613096
71.9035091632
34.4249598635
50.4659209766
22.7030210826
56.002117457
94.1540506963
32.5799022227
98.5267593821
34.1992341349
85.178337594
49.9598489345
58.0309062496
98.8569650954
78.2759197691
66.302746949
83.3817758595
30.0313364985
53.9177041807
97.2890770382
98.9554501555
42.1473256207
23.3178667562
41.2891466837
79.2284584865
6.8872894774
74.0798590616
77.9636331694
80.591794786
97.0947494864
52.7675741555
57.698027071
84.0187469707
