neithertonpolytechnic;2002;1;CSC;302
84.7974782041
72.2028981511
24.2546363715
24.0585813253
35.7141188163
45.193679872
90.652339983
76.8963908892
24.031486039
53.1595674163
90.288837893
71.6012698163
42.3078639748
80.1142795367
69.8629739135
42.7267798105
97.0918900792
42.1172399508
89.2884608375
37.8531537905
91.5425189342
70.2974723085
73.9108419442
19.0199458333
77.7655055851
89.926842956
86.3487937594
85.0150277666
60.7116617205
10.5866128489
82.1667040587
90.1939351986
18.3766664798
98.8760322416
46.9139395346
53.2040672898
70.0043989156
59.0053018285
62.4944993014
69.3689526104
55.5936698047
78.780699147
96.6507909801
78.4510644271
93.2162238701
89.3870215495
97.2196429262
20.7266434874
53.6925271321
86.8779031122
19.5247503293
65.0809319124
56.2459918793
