neithertonpolytechnic;2002;2;CSC;301
53.4551455297
18.8315276228
95.2410249316
95.8699047207
93.1496931278
51.9730058978
99.6348453016
59.0224976844
68.5688859906
71.4380812445
82.9062401112
80.5462998661
54.5362108196
35.1565999603
38.9685396531
63.0822481968
83.0301312018
69.4259399493
93.3284276878
68.4044359147
15.9969425398
91.7116817761
55.618391278
57.3326715571
64.1203046952
57.8620240151
59.2530525775
87.0137981606
32.1853147572
65.0708165547
8.48960385987
35.7015448777
73.2333660842
39.0279839834
51.1450830984
71.5935918715
80.520651143
69.7963037308
15.8055994962
89.755579574
97.3869970528
91.586298664
70.7405278715
19.3252391466
61.6511221648
64.5326652194
38.2897022336
74.7369160471
58.2308479468
69.560891507
95.4634026789
94.621348014
42.123126905
85.0185255685
90.1011703951
73.0028207857
74.7123103923
98.1606530146
81.2692548224
39.1121619275
57.3665554686
21.4816438842
54.768547059
97.1743519064
61.1392601285
71.9946825188
51.5988380359
34.1152778274
99.7130394171
