neithertonpolytechnic;2002;2;CSC;400
83.1100117708
39.135447703
98.5385461266
42.5723804254
75.2269466109
65.8917288622
77.4011409165
86.6703463616
95.7205712866
15.6714063397
52.3139348532
90.5575134474
39.9278753507
90.3831775827
78.6833420873
19.6104560984
90.7391482255
42.1981100215
7.28691630054
82.9334172388
70.2635558804
94.7364137801
44.322816832
66.9046071777
73.4170335131
33.1695120651
66.9091387207
13.3375208522
40.4468163019
88.1161168384
70.5555812064
97.1787811433
77.4848439229
49.1270739836
91.465239123
65.5035322775
60.7407690101
72.8273747076
38.1332666664
97.9192726435
81.1476339278
88.3419304152
57.0281274155
96.2770840788
54.2998413884
96.6245626418
