neithertonpolytechnic;2002;1;CSC;400
59.5414291887
59.5054154907
41.2897924288
71.3366617557
83.3073637267
95.2244477994
85.0614117218
97.2901048007
69.4544971108
68.3171538991
80.6797925941
77.1109302373
99.3616449462
39.5415163963
69.3709576039
34.3091956372
23.8089282804
63.6624503393
95.5581760904
52.3301930793
89.813888513
86.5585326586
39.222176125
99.4069928873
96.356996326
33.2424005756
70.2585074938
85.5653220489
69.1114624669
93.6030503337
87.6648771436
44.1914001324
55.5564267024
53.3762343459
78.8093768335
86.9828429385
38.2492524267
94.7665738298
99.6540062085
90.1732598115
72.3160850277
40.2955353863
92.7645357286
52.8734068819
15.5397243032
99.6621025749
16.8873114833
12.6317770104
19.7655621093
64.4880267684
29.2511799213
68.121032693
98.6568593047
26.5640499889
80.3443670871
93.3102187795
94.4186970263
82.4229234291
64.3036901243
