neithertonpolytechnic;2002;1;CSC;202
40.6406457347
82.4377765375
60.7782589475
89.0019871613
89.0120738589
82.6880586246
99.9317630252
51.2028053606
64.1732835082
91.2767673937
60.8221376195
8.87226030594
43.8193976126
72.7871219341
96.5827307482
93.0758207743
81.0132589284
8.63644390537
79.321176345
87.2347447267
93.3949329404
45.8461981312
79.1503941708
46.1137405502
36.9164149167
96.6816267686
81.2128284182
69.5100777884
55.3877304465
77.4679690372
87.9806420451
93.9156976354
65.9812505551
44.6088590335
86.7255033402
44.5952054803
12.1163632077
45.2288114316
88.1653668112
77.4780525385
95.3396894644
91.5730415288
75.6179574602
45.7521078981
96.6796296161
74.4496920679
57.5945857587
51.8089956225
61.9989385573
88.4949227524
71.4937563567
47.6681593182
88.6921948065
40.8665083225
85.5347396273
33.7978527786
58.7007524663
68.9157642593
80.1857508939
12.7840237845
20.1548059052
78.7802907892
96.6451694114
83.2240251952
84.1996987841
49.922592407
64.5312715463
77.6094248993
67.142954483
89.1214794074
91.2939030031
90.8269626138
65.2844091689
84.0700658864
92.5092043902
11.1799656306
83.5161854592
94.9502329421
73.8977205122
79.8396754
67.597273907
30.6642065629
99.3339943941
84.0604079925
93.3449465654
20.7376733617
68.5246890583
46.5006962539
85.7208946727
52.1383400182
46.4146977459
75.2444240125
88.4039478692
26.1371114701
81.0615213628
79.643350491
91.3661443542
94.6637830742
86.4441256319
39.343508659
