neithertonpolytechnic;2003;2;CSC;202
88.8540179636
38.1815754752
50.9927615484
44.6518483908
29.3749417881
83.0190817385
42.5646711467
73.4261736822
94.5097069805
62.1713732823
83.1270653483
81.6041805687
96.3986893351
56.5624130801
82.8871377242
60.8671482884
81.0219488891
71.5012822155
47.1169701757
37.704551963
84.0978592232
33.5160930731
69.069917101
40.8909926851
81.6561045628
75.3870691779
81.0807513952
75.251159762
88.3848193873
41.5139818185
49.6687517096
54.1059692165
87.483675682
28.9705514126
87.3741853322
65.4770622866
46.4424162213
91.6319513663
84.996730437
84.1739686837
60.3546537717
36.2488772449
60.6773122948
98.6514478877
98.9033954924
66.5591480337
26.0128216408
83.0087255771
71.1245990625
86.0442618998
74.6939404437
22.1797108745
80.3439745913
31.5350116252
71.4180526585
84.5100303502
77.7066527425
80.8532283199
76.6907591441
55.2117698512
83.2711458595
95.6981114243
83.7905972484
45.5103807131
79.5617142091
95.0373403762
79.4055755663
96.2497817589
49.749905242
49.7821755117
45.1228220852
37.4362737099
95.2447675667
60.0949177469
28.6849776114
84.9149278984
28.4505772435
42.8587019868
36.287781138
94.0722593657
79.6048855871
22.1601729498
51.4608039085
51.081552244
65.372991676
27.5337821137
93.5348716828
10.1174291581
80.2220841267
31.9674046784
61.0383882026
77.1405485053
64.3870699889
85.776895724
27.8319469553
37.6116863272
61.4785049887
36.6597068794
36.7085115829
74.7546066277
86.9905063982
96.2771900368
15.3475096402
76.1939389466
6.46091972911
96.4517793083
44.3270801161
62.7755263654
22.2590107649
83.0161673982
65.0258682039
95.8614966579
