neithertonpolytechnic;2003;1;CSC;400
98.9109226269
66.6713704498
19.3823301637
35.236546526
31.234883173
88.1155935868
25.6936125233
87.7686167529
77.8988363964
95.4751107121
81.4930467784
35.4563521355
98.6300294747
98.4229740069
41.3945866795
69.6729400408
96.9338386657
50.6770683219
76.8942182382
67.5251285632
70.9171372486
84.2325900519
97.7382856646
7.6295151046
82.8377964425
76.7996453452
52.5652989691
