neithertonpolytechnic;2003;2;CSC;400
85.9983197114
45.0832710041
91.0597221799
34.5094044285
77.1937419515
69.1059264317
44.7907028006
53.7656565285
68.0280532481
69.2952015136
20.7991230511
56.6145912525
94.1422634485
86.7853657054
84.9047166288
73.8043705728
98.2192905124
30.38296307
30.6911098209
88.7957121023
60.2750900885
50.593219247
61.5506821458
75.7212329531
39.0557111956
96.0607754796
53.3648192568
74.268517045
66.2465695682
97.6326549544
91.5532223334
93.0293528649
89.8981743934
63.3303736979
40.3071986517
94.0310642592
71.084415579
91.7879626394
93.1940925439
