neithertonpolytechnic;2003;2;CSC;302
88.8074740667
38.5984861733
86.9098361805
72.8266845236
86.2812554104
46.7531914777
83.8504992172
48.8249305206
42.0232356494
80.7383224962
91.4749119432
70.7238791956
58.6438874801
80.4546937742
81.7139175278
56.0658387553
76.9438528734
70.5905144144
94.2475375492
95.1216278691
77.5228024381
58.9189309431
76.1202476946
65.101623311
45.7929620376
51.3873208214
61.9531521801
87.4923896783
36.628419948
60.4406283865
79.2158806202
65.7112635748
88.3399620066
49.667507353
28.674702445
51.4032642393
98.2117003423
99.8020147404
87.1332120839
83.9685017948
71.17552564
86.6295232974
87.1991923572
81.3388332568
98.7605285567
66.3165906757
89.0251605667
56.4290398415
77.0781830879
65.4976134624
78.1783752789
74.663520628
92.0856349409
