neithertonpolytechnic;2003;1;CSC;201
46.2266391632
82.2428195547
56.6305313275
86.1190584719
41.4610651666
98.2966199583
96.5943322786
94.0075883409
45.3070468262
89.0690931236
25.674497531
78.4531109124
86.5207158283
42.0609145344
82.8161348097
58.6395837314
87.6275388126
88.7696878856
92.4409172242
58.691694296
78.7663127342
97.2658581372
75.914634518
83.3580151498
84.1780869325
56.5241207153
65.5975757751
98.8420810774
39.3209573699
84.3915092097
54.488803673
82.1068242833
83.5746771767
44.2414932463
16.9985884714
25.2398326148
98.8244346238
80.4127067657
33.954431744
74.4032155654
96.1601507026
97.5265476317
41.3399098296
83.0863062355
92.3521502273
72.4623644828
46.9416431808
55.7939091617
17.9724873215
80.6601072992
37.0365245833
89.7345522488
63.1272528121
95.1258899087
73.9887728904
30.0176470834
49.1910725544
18.1163845787
60.2928901438
82.2061832521
40.5980227299
47.1187225316
86.8534222348
67.086155599
84.935739068
81.365453199
9.44901009464
62.0787509137
86.1268519284
74.3003380829
92.3424738338
49.0629594005
63.5670037453
78.1148217309
77.8333343001
99.5651631972
75.4825096758
97.5287985414
89.1935329069
87.0513759425
75.6041969928
78.3850213929
85.8285145669
83.0738641886
52.9613540397
75.0734511184
69.8658729983
86.5684066389
57.1083281
35.5233772002
91.38774655
77.1531923916
36.5071467275
64.594699895
81.4161188386
45.1655130548
67.8512657018
92.3454687842
78.2649238398
72.497858721
59.3874899542
70.6282495587
