neithertonpolytechnic;2003;1;CSC;333
79.6257033821
62.6985324133
80.4270256678
45.7135562941
68.4585732844
32.7600923098
63.9610384966
58.2410365589
75.6968946295
43.7949394171
8.62941995385
76.4565953604
83.7463652006
36.188068212
57.6584178292
95.9860270913
49.7500679232
83.3157272871
68.367189146
96.8080552059
94.5027814776
93.3512648162
27.9753692716
48.5087595353
45.521293814
19.483884851
89.6406077175
31.5621463674
77.5219918216
50.900327921
28.0365495447
90.687180037
92.754988437
39.8253642478
97.2232976056
16.7418089625
92.5548521277
77.9887626522
39.0818519574
64.2977119745
75.9974730138
60.3440398616
28.286608504
88.1831582879
98.8169179059
53.5754640799
93.8989770101
52.3313401278
93.6220437304
68.3850239254
97.9901861744
77.8545438588
94.8218286184
74.6241119029
66.49984936
89.2242856751
46.7436216405
86.519717335
84.1035446335
29.0780737084
94.0343409574
63.2423987082
57.2936377509
13.8624008033
43.8407335394
35.2307610249
74.9172759651
81.1553908479
51.7847434729
63.478231453
94.8040113574
33.6829712816
36.8652995867
65.3701964454
58.7510652658
52.7588706578
29.1760666037
72.4698687925
39.7169335041
80.5639058957
81.413409737
87.6793884705
79.2852270743
92.1562397105
72.583548931
