neithertonpolytechnic;2003;2;CSC;202
99.7063686147
82.1408988343
93.3898787023
91.1377946602
82.7394244906
76.9562206323
19.206619778
37.8295870111
9.3413013248
39.3648915218
79.3128262203
20.4309566998
15.8282566354
29.104636992
58.5730004207
89.6698853406
78.6033040411
66.3571758108
60.6976290955
70.6899946561
62.6959494609
89.7261423774
95.8133630226
91.758790843
80.2947520783
36.5635649228
57.5475724062
77.9223468115
70.4006650606
85.74630992
89.1519220921
82.2561445781
29.2042267936
90.5836971856
93.1956779632
77.2086089849
19.5487281494
91.3776523749
66.1925026778
73.3549609335
77.3602960504
72.8399109993
57.8366091982
24.640058288
63.5965253978
79.8226260706
49.7750663633
78.7344666885
60.7640386069
57.1455643074
30.6578612098
91.5795703642
72.2771442401
34.810222478
21.4474852943
38.7110245693
83.3444344192
72.8813860157
54.3806207553
8.6427826599
58.960713085
94.9741601671
71.7567633739
89.834735384
79.5475484798
32.941767484
76.2537363547
88.4354626287
59.1756507017
49.7113425118
81.9300141523
73.3158537215
91.658590688
74.0014604834
94.0101761736
54.0235730013
81.1699842833
91.6648611922
75.1080633415
90.9829080004
55.1311664789
94.3837356535
62.8648199127
88.5900877513
82.4075012995
52.3640506069
84.7550513003
46.1575229022
74.9117078979
79.9852944311
47.5380518063
57.7885848323
85.5702445932
75.3778930319
70.3571786739
99.064727422
91.1161218577
25.4079559606
29.6299553942
67.9004981378
52.036619737
80.5648218589
83.2063937781
23.7433366136
92.5915367386
8.25194619863
82.1388601694
62.6576560512
84.468808656
27.1785227741
