neithertonpolytechnic;2003;1;CSC;301
79.6918720097
93.3244799269
67.4744607475
62.3040740273
22.5319586239
96.8243244903
44.8525074637
81.7773908323
80.5109601635
91.6725959668
74.7577971169
88.9056127677
31.12583586
73.2500008969
31.3969998467
96.2547487762
78.7443497582
29.3231657156
42.0553651294
82.5286391327
91.551706166
96.2295089716
47.2160606902
31.0126021101
73.264076821
91.4079662077
78.3946198345
41.8879117043
67.4379988131
40.7276447001
65.8323715952
80.4280984915
31.4986420067
72.8027303789
93.0212371537
65.5870831249
93.6160900113
63.0637241728
43.4748825162
73.5536065169
23.4930724425
88.0258129025
36.8682646221
60.990999699
42.6473040896
57.7866819554
31.9564258002
78.0874431452
60.2368438685
64.6018743621
72.3841763655
51.3248331763
67.4667465888
98.0491351542
78.9217563572
69.0397603533
64.4245823998
