neithertonpolytechnic;2003;1;CSC;302
91.9550621103
60.8336343037
72.2295102408
98.2381198782
96.2140773166
82.7025147857
95.9389365669
95.4256406996
96.6429448955
89.5057913791
76.1888431792
49.2691008615
94.4410634407
90.4193382821
64.7915816235
82.0116701383
73.0321136825
73.172329055
95.166350157
36.3225903927
61.4273379313
82.6646991285
64.7191246541
65.915945094
81.9095789637
82.927205353
20.0304188405
98.8665054164
81.8829327082
96.3469371904
82.5607230346
78.9702211199
97.9256113921
96.361354211
41.1576569441
19.7170053209
91.7539367223
83.2438415373
96.8825289339
61.9829504913
85.7271311584
49.6314491222
33.4221602089
82.9124587148
63.553623512
98.3209235674
77.421832039
11.2326225333
54.4113198259
92.0576726621
76.5961820425
98.6986815245
82.122870513
