neithertonpolytechnic;2003;1;CSC;302
99.4516916439
83.9971382159
99.0776406585
83.1929641726
70.3569567003
56.723574203
85.7804297176
91.5996546385
99.7498896268
63.0295124493
88.6808477915
27.2515445507
81.2514617076
79.8908096054
73.3213159073
46.6416028089
16.3376646911
59.614289642
77.9515039822
72.5966420947
93.9570432078
77.6013368475
13.1902743267
63.0521151791
94.9151601411
46.328510369
72.7490615594
84.8421686608
90.0766679835
67.6695180047
96.6668832981
67.9368349931
93.2231683947
97.0027591385
79.7770827971
43.1135703294
17.5122196959
92.3626795399
85.546121648
3.20154787915
28.4455733457
37.3632671208
53.0705208122
86.3594116297
47.5118085561
88.0928341431
77.9178110226
60.7252092918
98.0431222188
17.125959061
53.3533445168
86.6782034744
74.31863177
39.1620340981
