neithertonpolytechnic;2003;1;CSC;202
63.8855934864
55.5770400028
88.4800773662
88.1028972559
88.0801237067
91.2676088691
47.1061333716
42.6591997942
93.3849694553
52.1898288809
66.1561286841
7.15589393326
90.8552135649
87.4436011168
49.3317450808
76.5162579501
23.2078303457
96.2668094252
61.613646094
99.5887509529
70.5472171598
51.8824373563
50.4043800801
80.6633626753
76.5250746988
36.7200202106
71.8047624686
78.8340972594
41.6766658422
86.0760737737
57.0484072798
83.0840127696
49.52525733
39.2690755162
75.1070396637
99.7236728623
67.7350315048
66.2440821352
73.9342835163
93.9903231636
37.1288787144
82.9578850266
47.7178482731
52.4810486637
57.1327639223
40.3645614556
37.5260505089
63.0464130491
31.7636882564
75.8506834393
47.7635761209
72.2739629036
78.2332463419
85.9020666397
73.7334580264
65.0660492665
85.3288768345
69.2081105256
74.5709703399
93.8698029356
34.5659050587
60.408300815
87.1211406985
29.9773696481
81.6296706369
90.3472246628
44.0528586003
20.5583793994
48.7633978678
91.2863056727
13.8104177771
47.1331085202
37.3078240918
50.3176809827
45.3389889931
75.8973881298
53.973287449
83.8661886274
67.7652608851
37.964186721
90.0764070624
99.6585344305
22.8375243522
57.4964921748
79.7956251916
76.6959374729
98.2502756824
78.3950445499
