neithertonpolytechnic;2003;2;CSC;301
81.148209708
73.2228681011
85.4277231444
98.1963460193
18.0632105736
99.8274504061
18.7104322073
25.9544022701
97.9046263046
44.3699234901
96.2852805704
83.5689072349
45.7640555441
35.837243562
82.4485487654
6.96382995298
62.8838709033
91.6347093779
38.8611540732
61.1605496716
12.3353687871
51.2107181827
70.7936853803
32.7355141766
31.7941371842
94.7513753652
93.8294944503
62.4165144044
17.2304622981
75.2962110261
16.9990682007
89.1051216518
96.7068312794
78.5118810114
38.0915993087
71.715165116
79.7554586695
82.8412871287
31.6809190256
69.1342269277
2.96266111006
11.2749652257
85.1961553995
65.0035381225
39.125762577
67.8584708665
87.0706059737
77.1124980028
60.0369806922
65.8288453127
94.7407967342
53.9449396893
60.7935476217
83.3666567508
70.954384191
57.4159588048
71.3014982924
85.1860043294
80.77835717
29.0865700896
42.0554203176
60.546290524
84.4863118786
64.2515943028
42.4923755941
65.012771014
41.619608431
83.7964781078
82.9107230448
90.5365190711
95.5375769927
44.0282943242
65.04714186
95.6399474103
93.7340046992
82.0949019126
73.076367847
64.2041569037
66.7708271214
74.3293524622
64.1370074159
81.9287355032
98.3618138275
85.7541577886
