neithertonpolytechnic;2003;1;CSC;333
15.3768612165
87.5724835843
76.4535814776
97.7820551575
45.0010146504
60.0842063519
89.5946009956
86.9828154869
95.5320211284
60.7135624398
46.9790356096
30.4746801964
99.7249020917
49.2727842572
31.9501038599
42.0557421288
66.2702588932
74.313884115
61.7336308643
10.947825748
92.8726157764
65.8302210097
52.482180466
99.6508705839
46.3904133745
63.2058475535
36.7343103886
62.3521263052
74.8501190528
64.3660492846
49.0205274732
67.8946273117
97.7841038292
81.6885648681
69.726209065
81.1798373909
42.8832786357
87.8349055409
69.4089332291
56.8489832347
97.8033627699
79.4327066132
78.3423280552
76.6004370745
76.0258038581
42.3792432665
90.4829596481
47.7300504313
72.1585306064
54.1677187627
73.0054858182
41.2897863314
78.8259948303
55.9188086869
57.039424784
77.9048997366
57.3012178181
41.9271613424
87.9246849792
86.4362615356
60.4898199724
67.9535115524
