neithertonpolytechnic;2003;1;CSC;105
99.3938847929
64.9462241127
73.6863319539
63.8411886747
94.0123053259
41.2265200759
92.8952452838
69.4711878435
68.100168093
79.7062278154
46.7678341545
91.2137408109
61.9517927333
94.0806664395
61.3720818496
39.6713179201
20.7184497281
86.8946939839
93.1055604745
73.1024363146
26.7411432985
64.2542084629
73.4051806015
82.603886778
63.6887804534
89.9549349663
33.9281415775
59.4586414738
55.7262779497
20.9583583028
81.4817961382
32.0556784888
85.4787313277
86.2191303682
76.5454761705
93.5757040634
26.6745883718
47.4652796573
72.1262312575
97.5032182133
93.8811185038
77.7912052747
55.1721223808
74.7964880616
33.8247530927
93.6081184687
97.33331504
38.9933307803
71.0469242642
18.7298656705
62.885455391
86.2426046046
42.9857605725
58.8857947964
81.5287069999
99.4746220052
96.7731708565
76.3722923909
26.1105751036
93.5703230129
80.657541932
71.3082108719
50.2421067754
81.5951713029
73.6619513978
85.109442522
44.3995052682
62.0452826145
88.0510046597
90.0249012668
81.927961466
24.7482977793
65.6466284531
87.7589571965
72.4305207584
62.0460721124
68.719870929
32.8096283804
98.9889732166
85.6846274493
79.5731886967
93.1799037882
63.5928881968
47.2273772501
75.2075539036
64.2388857176
26.3635790066
67.4429810849
