neithertonpolytechnic;2003;2;CSC;201
54.9716357032
60.9263144832
28.1471458217
89.0193375881
57.0432202794
92.876728559
68.1498912817
98.8223582971
46.4445938471
35.1114199862
71.3276357786
51.955427135
98.5152071205
95.8522711514
12.5821346156
92.7346959054
62.0533762285
87.0321643142
16.3117639269
48.9774272853
69.5656923727
83.5230077382
66.6533081815
68.4324851886
61.1370242374
45.1646202462
59.3022575717
81.8675779921
66.6876391577
77.3299114042
38.0854962552
98.0934091306
78.1401351672
63.0971546643
11.7995487438
98.9823782631
48.0956992759
68.3601806014
81.1597763013
45.2805649965
65.5022088282
72.6440563012
55.8463331499
65.769877963
77.4737203637
44.9624016877
86.5755387922
65.4333659048
99.1584570023
52.1207069102
80.4845801941
84.4545865441
96.035524478
33.0259068651
27.931830364
69.6028013879
94.3336098858
16.3645584158
72.0265758686
38.3969764715
88.0038238338
42.3677913638
17.2752899236
19.8046645023
52.0409994286
73.8754126775
63.1816707348
93.4794536981
57.4518593953
44.7377971389
88.2893507494
74.5520987323
79.6740911407
92.69070357
67.8386963848
93.3379479537
78.778172955
45.555721395
45.4458291504
89.2141921809
95.6482617512
86.2169033664
88.7686481428
77.9336875599
85.296239568
90.7107308041
35.1272623478
80.6658163521
69.0495267925
75.9521477062
55.0915456708
24.0359865617
43.0348542961
91.5759669716
81.0199117221
33.9208901815
6.87376569887
67.0897810494
40.8290219992
50.260894362
97.8811269451
82.0540665168
