neithertonpolytechnic;2003;2;CSC;301
32.9001895661
94.9165413372
34.4245608898
99.9888073296
89.269071766
67.087573158
27.3867670629
54.8387404796
73.3526428223
65.8510001024
98.1466315087
62.8971318367
54.0011811499
90.3358636542
37.2691792961
83.0743372173
81.4285637459
88.620311016
96.9647310089
86.3455429421
56.5143207243
86.9341404641
97.6153004124
63.8711684796
16.5641586499
93.4559885314
87.6701284428
88.9070173645
64.8815544071
51.7589004703
98.1602468811
90.2416886714
94.2158314342
92.1034261457
85.5592692724
68.1223884079
47.0319444959
86.288988864
88.3790546483
84.3241926671
16.353178576
53.9647029653
74.7622726376
74.2103486896
83.1914680725
88.6264253808
78.3175863584
45.449483965
79.0158076884
97.962564902
87.6130832319
81.9809999058
97.8358474512
78.4084416173
93.4589278119
98.0666710121
36.3430877429
44.2592407611
35.738496023
73.466234248
99.4411227038
92.1802508128
72.7416821655
