neithertonpolytechnic;2003;2;CSC;300
65.4939747858
94.5943093345
66.8514556691
99.7796896874
32.293683127
90.401346496
85.1586339209
79.9460559905
87.0401414543
72.5189655777
25.3193742616
48.2938320807
63.3608175125
79.8914471083
89.1228448137
4.26764626379
24.0634922181
66.9566420273
62.4673225309
81.9393591363
24.092608424
88.554997026
21.2254662485
84.8445329885
89.2506411661
83.449669979
33.8782601858
83.5122978921
67.5063187467
40.4216203114
90.444596331
70.568846851
39.2223550475
83.4733050911
48.9146370787
75.3520506879
61.1562150804
40.0858119362
81.7206251635
89.4737125169
97.267306207
30.0141702654
75.6366685603
49.7988109733
73.4291188587
92.4751006938
19.0859760149
78.6364527703
66.4258278326
22.7905282306
64.2307453604
34.8712328346
60.6947511976
66.2209199969
54.2819015508
98.7855899766
46.3063637511
83.988625906
83.2418953798
64.5446218478
43.892013707
