neithertonpolytechnic;2003;2;CSC;105
52.4142014178
66.6657900006
85.6206072823
62.8064242678
43.1944172249
82.9651873823
80.3554537994
18.8084395757
88.513496473
49.0153735778
79.1712843495
73.7507128351
89.9831864526
63.18748185
58.2023093293
95.1776869213
78.3750591908
36.4003023744
35.3519553004
63.8091422982
25.920270448
63.3532276243
78.3829054864
41.7494579862
39.2314388148
53.7604038512
40.3293064831
76.7803813183
82.4363217748
77.3181286598
57.1214777711
67.0269219648
90.144713363
68.3246986319
10.3561289085
77.2398459477
84.5262322238
85.040037675
70.4436353168
57.3844856523
95.9899299191
41.8363147719
63.9873117895
24.4893204684
96.6936754003
96.9547589913
61.1327378888
98.0364325834
60.9179504962
61.667099121
80.1488552319
52.8345102682
97.049319314
57.8940501441
52.122164575
80.1693800556
75.4567193542
92.4387556635
89.1490725022
60.0591450513
63.8176318909
47.1823141751
96.638263151
40.7158525411
69.7072935434
75.90883094
80.7500146292
63.044403314
95.7351423737
78.924561854
69.1192470403
85.3606642154
92.3384659715
95.9503069568
81.3062111592
94.1254388826
55.8004653824
37.1800848742
78.0579570122
94.9405750347
95.0355250465
32.1648342051
71.1744485699
33.4135105266
63.1361883029
78.2731413457
90.399671586
58.8103179974
52.6293678655
73.6223311761
75.7806908619
53.0477834377
77.7377663109
76.1309934111
