neithertonpolytechnic;2003;1;CSC;201
76.6834456142
97.0076884629
50.0577264863
96.5743596487
39.1481302587
57.6555916109
43.3283769913
69.071285642
70.8530004411
35.6495234086
99.1576378359
82.7340009082
79.7757840494
64.3887283557
46.9360636046
60.6323021687
88.8515177002
78.2672550705
59.3321738745
60.1335153862
84.8699673589
81.3999353745
34.80646785
73.2746801104
94.6831389106
24.622847182
98.6282547643
91.2922453905
83.2550463326
93.4866285612
51.6141123714
38.637691095
61.0050798706
41.9285245932
17.4142128789
84.0996216774
96.9927470673
78.5451195726
66.142469291
73.4913730622
91.0526679648
60.9282704667
50.6972514267
60.4261412274
54.6056792061
91.6495141666
76.224357388
87.8240845944
43.4819592644
69.1155207857
91.2256289297
86.5198736115
92.7667679125
19.18702889
62.327655772
35.0034482477
84.4434228129
72.4614464793
14.4235835772
72.6480009428
91.651285964
72.274052915
95.3187327346
36.432074209
66.5795655607
93.5596663194
40.3760501451
99.13937103
49.1272094296
31.3994282253
24.6273747521
74.3112574304
74.0372843851
44.1680503122
89.9984561513
94.5905190666
26.9557347767
67.672095868
99.9887147365
30.985145515
90.6871205449
67.7092127662
86.0989894581
55.0009768818
27.7390188171
92.0321303901
89.5920249537
99.6145794086
45.5585427301
95.2957084106
7.50970430129
82.1228165078
97.1739043983
74.3064337302
12.3697736105
45.199819519
82.4026472339
89.6472711285
