neithertonpolytechnic;2003;1;CSC;300
30.5505154157
47.6292723041
79.1356180035
78.9482206384
93.506025866
64.5282769466
84.6139935799
28.881968309
96.9854256097
55.6727931087
49.8134808124
67.2999348899
39.9336049677
90.4437042279
80.0210398845
99.523807942
49.9025035406
37.030148079
97.0222541953
31.8680137163
60.7833185628
6.71758029935
99.9425236053
55.2964844795
10.746114456
43.0791789695
43.2533944108
49.3346712318
78.7733676778
87.5012527755
74.9421183479
69.903090081
40.9391568833
41.9124030106
99.2742854014
52.4478696823
55.6714086601
69.3979966225
40.4854099973
67.1723415547
95.1232376477
55.4408898027
98.1403135955
60.6420643913
87.1938689855
94.5408187601
84.3713974727
56.8052174429
69.0832531238
71.3428784783
8.08164241193
91.4445861804
66.3850321142
53.5181997167
94.4594836325
55.1960015389
90.2053092937
17.4507771958
23.7734358848
86.7517198617
83.3890958051
29.2121185151
73.4160291791
78.4135237666
91.4746309326
40.4888077938
49.1672679492
58.9612061329
75.1041981698
55.887364392
72.1022587118
60.605543139
