neithertonpolytechnic;2003;1;CSC;301
55.9270758919
61.7357823924
98.8596992321
82.599525106
53.948866142
30.313099438
83.552528978
50.9616656517
58.3150627626
89.014139018
34.5998140527
69.6894791848
86.0160599891
95.2415114518
66.9049851815
90.1224346368
92.8845780585
40.4108489758
86.3813833041
51.6930840509
52.4575979224
60.4191122534
56.2342281256
82.67695212
57.6352701762
33.1282759295
66.0467464422
82.5553478846
46.3225113334
64.8359065346
22.7506547001
25.0278049436
51.6935705073
55.7480308055
95.9214698879
77.2126191948
87.1198923197
60.1438665911
67.9469740553
96.2591938926
99.067896668
92.6406255237
67.4771261153
50.050620034
7.236115935
56.9151715705
51.4389427621
96.5778988135
92.8861686272
36.8588051777
65.8604830106
80.3449870555
72.3048055595
78.7840617115
83.4996609623
87.7859742473
79.8797220888
82.6500005474
17.889514927
70.2596747748
31.4229539127
64.3165648852
66.527908384
53.7958606371
45.9742855818
20.8946776012
86.0190969402
86.5187916764
88.5488715119
83.2854798528
93.7632982806
82.6520155392
23.3804353518
61.3332402977
76.9791324219
27.021295251
82.3381711738
42.2314494977
32.6603701453
