neithertonpolytechnic;2003;2;CSC;105
65.5513679108
41.5112567892
54.5268189222
95.0843284966
35.0112655478
96.3056140085
76.8181394499
81.260829932
98.5656400165
93.7026094082
42.9926973764
90.292823467
76.6540545835
76.9003812143
93.5489808925
76.0853486889
63.4300950238
76.6690966321
30.1966161868
91.630490825
68.0568898874
82.8399220085
89.3033869922
38.2106477067
16.5060763373
37.7332045973
36.8761665665
49.228020968
81.8549585637
99.0151850222
67.5690039727
97.458183956
91.377629244
94.298957963
51.856139583
69.2201930878
85.173999454
85.798773044
92.5273494155
53.615513276
93.198155035
47.9152964777
87.1743726577
29.2775602444
78.7536814115
36.6810250652
53.3294428079
58.2399369928
50.4673116687
65.1570297395
80.8485529247
91.6263998672
98.4728235744
59.5563966078
69.1695401593
74.7751650831
36.1495184541
80.8297800133
72.1114884821
18.2707619533
21.2357971636
48.6664814587
74.6685210908
91.6168936975
99.0533014578
98.9639423195
89.8673659067
40.0471568095
67.1917455819
69.9580498233
79.7936190948
43.8100913145
96.8282650447
95.7496469902
67.7808049471
52.8138559294
83.5370243395
41.5526186565
47.2891449129
80.1775263827
91.83289406
98.5285170053
79.8673673208
54.9737347824
51.3741390803
86.5211471043
76.3544010859
72.4648785174
97.9729122415
95.1669330907
62.9705994318
56.8093281577
73.1604315073
63.7169661402
88.1627837355
88.451220887
26.968859744
72.6523365174
43.4585975534
61.9685074216
59.3164442727
88.3852420212
44.1764157497
55.7766975575
35.1032076788
