neithertonpolytechnic;2003;1;CSC;105
78.8096814635
95.5470077839
89.9500236567
97.3533129136
21.3742945493
43.625663622
84.675363053
83.2604126044
76.9164693808
77.2735066833
50.1467828999
47.5281461162
40.9081151837
76.21788952
81.3775973472
86.7410830106
78.8453403948
73.2963027034
72.807039082
38.2251408247
27.3784492013
63.1749188174
35.8329504442
71.7145144564
70.9273699242
98.8587029257
89.1471503965
62.9773055056
88.8342740689
71.1080754281
99.2123851895
91.4403113675
72.3855340951
56.4032758991
98.6017909736
96.5209976444
94.4703568012
77.910250702
57.4060554855
91.1094825991
87.1640223001
78.8169324391
65.7183601693
50.9188048225
97.1033755787
86.555807221
84.2580457479
62.8847361016
68.4722595335
55.3961497384
91.550500441
86.0212801124
86.922115256
28.6306714902
93.9832229898
73.3643944018
83.4233356668
85.9286080689
86.8400709062
30.2326317727
76.9029220907
44.4022258189
82.3941980544
68.2241079889
59.3344319605
52.8969305388
50.9838491146
68.5259915311
75.0696323206
78.2128250075
90.6450293388
89.5997994808
90.8421553933
86.1416587994
57.8668058311
79.5993860028
73.7376845011
85.0267192656
91.9365664202
70.2871217313
26.3733657112
25.5048677242
91.1758847931
51.9864369232
72.9462813434
92.1063625454
32.743883284
89.8260528036
24.2009937021
96.7017344412
96.1006362364
85.2168350175
70.2269363015
90.7332617752
93.5065310631
52.6828496695
