neithertonpolytechnic;2003;2;CSC;300
26.6058466058
83.5424691208
64.948487385
95.7008315548
49.7471024042
19.4951711904
46.7998179876
35.1573880423
45.8666523092
37.0308523089
94.3144196589
81.5069000299
39.7412099046
99.9677335949
91.9426513541
81.8469631788
81.5019507947
22.8306941577
96.0569529068
38.2984983288
60.4411747167
73.5592500235
92.8048988592
24.2187038228
74.9370784971
90.2650468615
54.1837458716
60.6396252293
79.1829852845
90.2767938849
38.35005449
85.0534301821
33.6368883824
39.3498534637
74.960521748
82.0240245774
90.8882826931
75.3581273713
70.1946446291
59.5729249428
41.9334929204
