neithertonpolytechnic;2004;1;CSC;302
39.1611945925
48.8452250507
94.1912891198
82.6669934391
31.6455738753
65.5276103455
73.145275813
72.0687823489
76.0547682625
94.9395061902
46.0863693829
58.779490273
72.3396758133
89.1717412897
48.173639168
93.8491018898
81.2034229801
69.6917264717
68.8163837171
55.3356804274
22.6845115234
61.7652239104
69.7801017588
79.5284462929
41.8944191556
73.6643210301
83.7992237026
78.7626915324
99.381800385
62.5480287506
70.8448122753
85.3120209148
71.8618186525
70.5642068604
62.5255952433
30.8594408163
28.6738955093
96.659292695
28.4389418874
24.3220288963
74.773821346
87.216745079
15.255900862
83.9792041936
87.3751860773
57.3442537183
98.5341183515
59.4991253509
58.1553584596
59.7680047961
45.6560635142
82.7425675819
