neithertonpolytechnic;2004;2;CSC;333
84.2762420352
27.104283719
5.30205861589
55.6100641566
88.0211496952
77.8851394847
67.3229454108
96.1369012073
83.5566421416
90.2412112853
87.7287166616
40.3432292332
57.2453943005
72.1975587919
66.3913884721
72.6262266807
98.9020454208
95.8156545454
97.3219642553
95.4470484458
97.0558869621
96.8099617713
90.645844017
55.3037427478
97.055459569
41.6381205818
43.5131060292
44.2216111617
52.5997713462
40.8981588697
81.8058413337
79.5005983792
82.2053022311
63.1543443069
45.5454347839
35.9636340682
24.004323932
93.0409063009
99.3200504059
46.5260733757
72.7689142379
63.8547180298
53.9931500871
64.7653022322
10.9721453956
86.0799432463
75.7692338329
41.9406414121
43.1650703633
27.6689124432
8.78400650074
12.0145610863
27.1905331424
82.3488633195
62.4118313721
26.1338833796
1.94715071889
89.9648860878
85.4729815519
95.7556913515
79.507755272
35.0064807436
79.9433901415
58.2195970961
82.8757227032
