neithertonpolytechnic;2004;1;CSC;400
85.7130386693
85.1603535914
70.8141005189
66.8516219091
70.1151340287
99.8135152672
80.8175516664
52.2316730995
72.2916880787
94.068257853
91.8275075365
93.7563006302
77.8166280532
87.1304997992
74.7732565897
99.5729359804
70.8272984438
97.0325987557
88.8800252076
74.0276375395
40.7337415898
90.4418531263
85.9903297114
32.6908125875
96.6581118385
24.7863026824
42.0921344395
95.3672904131
74.6226556006
87.9743737984
73.3730810139
82.2085257607
66.0040109997
83.6298360813
34.355879549
95.9292544526
58.7185344797
86.2766880435
91.2619514351
22.6701631742
26.6827183552
7.29037374962
92.0384451453
69.2148944961
57.0217172957
47.762145757
95.3868079044
70.9665167999
63.6489464994
73.8161621743
87.0479338437
82.8318008896
91.7373440458
89.0344672794
