neithertonpolytechnic;2004;2;CSC;301
79.0034716811
53.4820593076
71.446141649
69.4749973485
86.2704365379
40.4059724087
86.5644770838
95.969299695
76.7862236962
78.3166322393
91.4826341965
77.1587183147
24.0195189969
24.498442262
90.254558711
72.8360964676
49.7146360643
81.7398611905
81.6106782495
50.8060709095
82.7493245234
61.7077836663
35.9145655436
13.111325431
54.6754946268
81.7475893531
77.2366675892
91.3859836188
56.0015449868
47.7018306254
75.8471050622
59.7567545055
83.3206740745
74.716106112
96.8675562964
83.6206726744
69.09317264
82.556085371
36.9217293542
74.5377804854
37.4175109192
77.1353467844
94.2144582728
70.4155873405
68.9105422699
82.4174042446
92.5813617482
81.9676264534
74.4882349603
76.4142625853
63.2022214867
97.3768427908
80.3976204584
25.1963925071
71.0353359398
63.9110505576
58.5077736057
92.6768584252
87.7098665706
88.5448481666
81.386877925
48.7858082361
34.5650044461
65.0069031792
71.694727938
98.5269325114
37.2123101742
35.1789273842
87.642730914
