neithertonpolytechnic;2004;1;CSC;333
90.8819855427
99.2355373422
54.6938758313
46.9993497487
42.8849885903
72.2070155706
58.974078463
71.2209127334
66.2450687816
79.0910131104
65.3194180828
90.6027446335
76.8334565205
25.8850006045
80.3434235863
78.6172795517
31.8892375875
90.3588665551
67.0470453569
94.1988796053
12.0452683318
89.94418448
32.1011829661
71.9959281545
58.5971969146
89.3256954695
17.4237937276
68.965957673
45.9252034205
71.9579736964
76.56805673
62.2830689443
73.8441279029
95.2305266202
18.4719594295
34.2714642019
61.224447131
95.57462164
91.0197271488
67.5375451491
40.2163368781
23.0921296153
49.9377786032
77.4883116199
75.2871300409
87.5696264546
38.6594508096
72.0145418256
44.2880272767
12.6675458047
64.5660382762
90.4816255252
91.9139294023
16.0747223379
93.055617677
98.6851599738
59.5101438782
87.0096903336
62.0021698433
82.8554831752
88.2158680726
94.5059977679
83.9045608456
78.1492160159
84.5655293419
