neithertonpolytechnic;2004;1;CSC;301
18.4514416654
64.2191646148
75.3618091862
58.1993205767
98.745012825
58.4177842779
20.8102233549
66.9872687479
32.7324032843
82.2007348932
45.0515521889
34.4588221514
37.7213756675
35.7907825698
97.7486766891
65.7773352207
86.8935200447
57.1253673146
63.9726082811
63.8168222536
25.0454746896
69.1215677993
92.6855392984
86.537214986
36.6818703093
29.4060514648
76.2879833473
77.6401043166
47.1293726801
61.4153978187
12.938859259
92.7449159978
39.8579149938
71.370215771
57.7624225803
27.7716776364
79.2531910041
52.0084552864
44.1209735536
58.5217481052
41.0212709153
79.4886291923
97.3247749641
86.1362305522
99.4766978122
23.1852871826
75.8322087434
58.2562508582
83.5955329352
44.0676133521
40.8801422364
73.3843583938
41.793243077
67.2668906476
38.112113021
38.8937464983
6.92314777329
74.0363124779
50.6548330355
94.6433508051
82.905510793
22.845954815
91.1093703052
84.6193236428
98.33719496
68.8061964752
66.1927585775
67.120983392
83.1667792439
55.4763872511
9.0923561421
