neithertonpolytechnic;2004;2;CSC;300
63.5427610789
87.6559039272
98.4502764944
88.2923428478
74.2456397674
91.9591844729
28.9871222401
4.13146464745
73.5688092093
47.1682174524
98.309508206
12.9477548044
62.2655048965
83.4693232307
83.9078504978
58.2967711906
81.9704744547
64.7251162864
21.0192157504
59.3857513979
37.8504879082
28.1037680164
8.2663306808
30.6836983871
66.6023728141
18.0835292507
77.303354534
36.1046986961
75.6047748551
39.8397509497
80.3355965848
61.7916625766
88.4082284719
83.3041139992
74.0738738367
98.2682567856
72.1763560598
45.2083918242
92.1820478341
70.1744913484
49.4637758446
65.3132356365
55.9447095226
90.1639599866
77.2368387981
40.8519102055
31.100576465
36.3351724858
85.0063816288
30.3863885975
90.1397409475
70.2996450369
84.0939039318
74.5190522347
25.9791907757
78.2445801056
82.1717594254
