neithertonpolytechnic;2004;2;CSC;201
78.6319735197
16.7537598528
78.1479877223
72.3313940326
57.8412173314
6.33304840645
98.063338993
45.3588496573
54.7596963335
23.8314755078
75.0712395563
24.7079269756
32.2132849055
73.9076421912
61.9783400605
90.9624459423
65.7064358536
81.3471796051
65.080815556
66.9471025474
95.6602912458
68.9156939964
84.1367672932
80.8075698132
82.4676648643
74.3033360338
65.282639474
48.605166422
53.7373215688
97.0427465071
2.3729503839
46.722552558
70.9813441913
50.1210177209
71.7296518176
92.9012543943
44.4682421443
55.9776751578
67.3414002294
31.8786996574
44.7425614992
43.9470284801
66.810266035
82.7842523384
99.3830769238
96.1766472419
11.5365898916
90.0764588529
67.5125458343
27.043834492
99.9547575266
52.793563977
94.3797058305
12.0069903843
77.1211491737
80.1563915502
67.0521660765
85.3273539094
93.6359799127
94.9818202819
97.2172105079
57.9231597424
89.5448344335
98.3703004769
61.4100351931
34.3769084467
76.9764572915
22.9842997206
41.5703867673
81.8847326965
69.4678217921
95.6421683001
99.2825264877
52.0734065621
94.5757722107
22.2515705752
50.0775812206
43.5606524517
86.2586817789
37.7880447408
29.5213265963
61.2226447568
42.1879541243
90.5951932256
93.7051436283
66.6281596913
78.2524296027
87.5220445799
86.128171073
39.7356634776
96.7846212081
53.3345032199
57.9274689156
51.1663471041
97.4094043928
78.5332647133
65.284188744
44.7365774932
28.8474692894
73.4140573353
87.5687745039
98.5729892482
93.3303735313
53.0184780775
79.9823220153
52.2330467846
50.1540641256
89.3311480117
28.015147608
80.1046251378
93.3247358973
77.5166730978
31.9508501451
93.3803602965
52.6035657725
74.9287958964
