neithertonpolytechnic;2004;2;CSC;105
94.553788936
87.0320246216
98.6418803291
52.28558231
46.6185591266
66.5503341778
35.823895911
79.2303147964
57.3779894462
22.6599793396
56.8994593968
52.0730993628
73.881429466
72.4631245491
88.3121865175
63.6147818029
44.7524663414
75.1894430198
98.9227408388
77.4742925318
20.7749260461
81.8637663893
54.5289434284
81.4341934076
64.1542051557
98.6443246072
44.1322150471
36.2400137676
65.9385544854
91.634269262
87.3054448591
67.0843118897
21.8584861783
67.8232555547
63.2009009883
42.1517598051
78.954847295
86.3815212418
15.8626479447
90.749023058
75.8098539427
99.5988755873
37.4842305828
49.70945745
76.5846903871
83.1357255852
65.7219601587
19.3702224927
51.7658124081
15.320987895
70.9344985127
85.4508750696
67.1785115803
96.6570292648
21.810692274
94.9461489266
18.8753485133
49.8765082609
93.3041852642
47.0093227231
68.0650058137
41.1830530636
42.7532857313
91.1237420175
64.6507243815
64.374930912
63.075596391
87.7514467662
90.1587326212
66.909780603
74.4428409989
19.615239903
71.2106464032
64.3308804789
99.916406433
46.3882962142
38.2125097242
89.1991278377
83.0802138009
85.2502590783
60.8424513051
52.3834176221
26.8226001097
98.8930163521
93.9296758887
99.245590234
88.8563346285
75.672011065
68.0850657324
87.4587303335
64.976236397
70.1011677863
97.0105748168
53.8633341456
86.7220034726
99.8743513122
41.1620688299
72.4062132055
52.9211121376
32.7012903296
1.67050627343
91.7741720107
91.0135016906
71.1444257228
18.1735732314
58.5657037631
80.2113223718
49.3147579353
25.4394906226
11.9408735829
