neithertonpolytechnic;2004;1;CSC;333
36.143176524
58.6567488688
64.8031451251
99.8875337351
85.6079833279
69.4149995531
73.9395946105
83.7988553858
46.6930171476
42.9423338138
95.5316608592
53.9498785367
52.3391205451
86.9372182823
93.4016574848
34.2992591669
52.9761582927
10.7352923371
61.1860698055
62.2803612139
77.5506068949
69.7753584082
62.5428144056
74.7582482265
68.6431312042
34.600547069
23.5842369908
97.332050452
42.998722425
48.2544014465
65.2949682322
84.3989550579
76.7102980431
47.9704094429
79.1761159748
48.9667240444
44.0143337693
72.3824730571
18.6517232545
77.0600562163
68.2870371159
60.243059923
64.0103719784
69.0320168813
98.4379469124
86.5145647592
94.3660861224
84.144761446
92.8606451328
59.5318822885
97.0232355762
26.7243705496
35.6534185297
80.8642495684
62.0333400821
96.0281332012
99.7314280155
62.0489087607
50.5609361619
96.000999754
29.2501705892
73.3806178465
67.9015303718
86.7112692113
91.1393951576
92.0020220714
69.2569364235
67.1435160667
60.1132724052
30.2246404841
33.7376060937
83.1743921314
95.6188661651
82.7724028786
96.5296515996
34.2321984714
