neithertonpolytechnic;2004;1;CSC;201
46.1525649835
94.9629994758
37.7455350961
94.4297312145
99.2437286919
81.6499220864
85.834380005
98.6188262285
40.2856355712
53.3183184692
90.1212551641
69.4640168467
60.8592875759
52.0599051022
47.4182151038
24.7559279152
37.6648558349
66.7636751532
98.6909037368
94.617461844
81.530008434
44.4632649975
84.1968352958
39.4625560205
91.4494566775
89.748858189
22.7610444842
63.2315662963
82.0881415452
94.7748087412
76.724421881
83.6600708106
59.1938151306
96.2261848227
21.930548537
85.1637456191
48.2038004774
58.1084158775
62.0807993632
83.6315123121
76.949474685
70.9994487253
64.3950469464
99.970052516
56.6477567671
26.701049421
81.8507412438
69.2005878455
24.0963372442
72.8123095156
80.3131419345
82.3612419832
40.0247406519
88.5965489721
97.0388455745
55.8648016209
90.2427745344
99.9331894428
57.3939051005
89.070737916
92.6314317071
91.6949069304
70.7818370313
68.7726539974
58.2516449816
51.5199741985
66.9575113353
99.9601452568
34.9471215002
90.7264168843
40.2907744153
67.0379099552
81.1082972289
85.7330551643
22.8088767123
19.4986106644
98.915748443
97.9228497683
50.2164972745
38.555921389
63.5848624349
