neithertonpolytechnic;2004;1;CSC;202
74.9668552776
27.6131577616
57.1211955265
85.8912222243
36.4878186997
40.400451065
20.2374860124
92.7064574518
72.7701096191
85.2010441595
91.9508612379
97.1835331053
36.8406014142
41.1011119013
65.0349002091
83.0365835335
30.1462549565
61.2448377838
62.029990117
16.2583338098
70.1820571031
21.1661653164
60.4503926362
42.9895906872
45.6633353807
79.9230887502
87.5449861267
93.2286253486
72.6345504535
89.301682953
96.9356220228
72.0087803622
34.1921944226
67.1344320912
50.1543387644
27.6445045241
33.6365793609
40.233861787
38.6664438961
63.4473188051
63.7799689615
84.7564400786
94.7640003622
47.0116106649
74.2631403617
34.5543439211
94.7521950226
99.3460267857
53.043435614
58.1543489134
83.1609499132
52.1430355319
84.7679654747
63.3755208086
87.5980711444
37.3275239768
49.2484524651
54.148604232
73.8537096207
45.1514282267
70.9959199495
15.6732203514
45.6498852373
80.4330599308
47.5693846786
97.7054002156
66.9799475118
69.3245613676
93.1154677173
89.9654124304
62.4329830287
52.3228412652
97.8219793579
46.6616984424
48.8840115672
87.984057715
2.79358018611
99.8725437767
65.7089588994
69.2460703193
47.0830705626
27.6044650829
65.1118293735
78.6515053998
36.712418161
71.1739761624
88.5783424285
90.8513556497
88.7320510203
99.8963340265
98.9545408705
92.6556561245
74.3999273985
51.8524541452
29.4874017843
31.8733837444
41.5600856563
58.9593377133
60.5212997328
80.8685839255
2.82639591348
18.3407939563
82.2838583191
44.4706310766
49.5060779233
85.842192346
81.6456714417
95.2861376227
87.5934524528
68.2814576586
83.5743957234
89.8128625561
45.3705122689
47.5920593862
93.3923296299
