neithertonpolytechnic;2004;2;CSC;300
77.8067280584
98.1173056625
87.3873527473
75.0178254956
32.8228820771
94.0771548807
61.3001583407
77.5653380954
97.1075354811
31.2015320068
62.4319590333
90.0865185289
23.0635551289
63.5952495181
94.4367870519
60.2537914592
81.7521621451
60.3453515258
26.3716543434
95.2608346348
21.3599590908
83.6119042823
33.8256527651
82.8652725104
38.794887557
57.4196013241
97.4543371833
