neithertonpolytechnic;2004;1;CSC;302
98.2494075499
57.1468538203
28.5151371325
76.7358876316
70.3790530298
61.6456165551
52.94139667
75.2454716055
20.2695422253
83.4494337253
23.7024635716
57.6863747708
50.6200005838
49.1175925988
33.346868813
34.2427353112
61.2662151815
45.8056271761
73.1722411668
32.866494692
39.7941846145
82.6290372701
93.5169443523
20.047433026
79.593499199
62.784466858
74.9857963597
85.1128290124
67.8312929086
77.2116608487
23.1529505618
89.7628432275
87.4917943673
22.1677418343
42.6519746939
44.418614341
66.377694315
93.7403150272
63.3007610973
77.626656907
68.4389342802
48.3908953825
72.6496799118
92.7693624818
