neithertonpolytechnic;2004;1;CSC;400
41.6677453832
19.0074010833
98.8800346974
86.6515997453
88.7372113177
49.271107637
82.0504412072
45.3268868381
84.3131809147
87.4097374154
53.3761310286
95.4781835887
38.1914120113
67.49663279
86.0041435251
48.6145051784
59.9537153788
89.6385690334
94.5958941672
82.1733675298
36.6657428759
46.1166538363
28.9018559941
33.2493733818
49.5391842016
40.1717162832
32.4579916725
27.4668190539
68.960824812
59.466112817
89.922202973
98.3654613629
85.8558111442
19.4367868104
76.3148969451
86.8160005912
62.7769140743
93.8259759517
96.6845075069
93.7577021816
74.7563768642
92.8736327794
26.5188803288
61.9036234727
82.3706346557
92.664785412
77.889578464
74.0480332041
40.5985154803
35.9913815768
85.6358416959
90.5165755543
76.1954572857
78.4737058772
56.4653524315
49.6519156292
