neithertonpolytechnic;2004;1;CSC;105
30.1121873163
78.5660664364
87.5375219832
78.8221752546
82.0808719924
82.0488609355
91.8667805324
71.7049980874
89.3485197882
69.4041796371
88.8362147904
40.8764553844
52.9120596606
84.9601338573
65.3740114871
83.3539759199
66.0124232864
64.7052534023
69.4689962453
89.960498652
91.6252894807
97.1373256586
54.0970901875
85.689009983
88.075178211
97.0275055038
85.3668924593
80.8576427557
53.9927036924
77.3637828489
83.9755229073
75.2740811422
33.4498162149
61.4020488122
85.9164748768
78.5902285686
38.8903557442
57.4612139073
47.5360468298
99.3647981868
67.3503433844
84.8856661149
78.0568446814
69.4392286627
98.3279949891
45.8636615326
97.0752038297
71.5672233424
56.5026956157
53.3891046162
84.3077905806
99.8260512998
57.0216251916
90.255066029
58.1687163414
77.5617033338
57.1592111116
78.0188094106
50.1237524714
58.5988200487
47.3386590597
61.5364918988
57.7789064255
55.5444609596
48.90644615
87.1330458648
42.9277610998
22.288684063
87.7440867769
76.2537857419
59.4356445432
16.6074874182
76.2055419021
86.136790505
54.1469382694
83.6385241209
98.637588121
20.3285472602
87.9329312293
50.7964440155
72.2484277664
66.0193990903
93.1136898532
46.4131113938
71.2093765563
9.35516819057
37.403564376
94.1933131438
71.9236132217
56.8480286928
60.0540895084
70.1458696294
44.7766848369
84.6138009105
59.733095399
41.7602590601
81.0091538751
85.4054876694
73.4435588241
54.0633573752
92.7498279135
67.5528089182
66.4671881572
32.2255941769
