neithertonpolytechnic;2004;2;CSC;400
93.8198163183
55.6870342836
60.4810049003
41.9175829943
83.3911389436
88.7697274666
89.6811396672
58.0580158683
95.2887439731
75.9473686193
80.9992221849
36.9111966112
39.5845831488
71.0657685475
23.0364335055
64.2324859117
74.1968367398
92.5994487184
67.844934914
39.5539510533
77.8359808952
41.9169247115
34.3179192662
87.5920056866
44.7944228016
27.5032038952
91.4412870394
20.2111440712
87.4722396602
45.9892317603
51.4327638974
67.7490183717
91.614558751
75.7324575972
30.7232160528
27.6426560226
23.4664638499
58.5498432229
79.743443665
9.85968738698
79.4017347364
