neithertonpolytechnic;2004;2;CSC;105
63.4156170696
65.8088758714
37.2124204954
77.4905741892
67.8153277216
72.7855914746
81.8557284799
86.6784161022
93.7037196567
87.8580965904
39.6507373455
31.0707970665
23.3447432044
38.1383623186
72.3327796521
78.8006785323
53.6658580791
43.2659368623
82.6764367198
47.2186631866
53.50100988
66.8837600367
81.4321700158
48.0684618341
17.8026697736
76.7030097841
57.449686809
89.0177036951
95.6750647271
92.137718406
48.3779976651
98.6801152312
88.6660995687
30.418680371
94.7443936577
43.3458548762
81.5078745462
82.9299366663
92.2614645211
79.6240335987
89.7241138501
76.3005625193
66.1317807326
94.6604586167
1.84106908832
78.5727148966
90.3606933741
97.0714998019
45.3982051671
72.6420456233
26.7228424802
91.8837687161
82.8045060592
45.1329504327
89.5330687085
46.5011964596
70.9209717127
58.5900043457
88.5886137527
71.6799701202
61.480483413
70.0601554474
51.2376878366
87.6794157245
51.9835794124
56.2848281149
90.8579916633
35.0755644234
40.911393359
50.3459999224
36.9097859734
79.8375958005
50.1709239272
99.0066237885
82.583165643
92.0347613313
29.5768268942
42.2637793178
73.1624439329
42.4761531323
34.5508908057
50.8392401362
34.8098793108
75.297219476
39.1487886695
75.0084219647
95.2066493214
60.4395919579
25.1985798738
65.4368891825
79.3341833386
