neithertonpolytechnic;2004;2;CSC;302
47.7598496041
79.9170882983
78.5408338253
74.1776541447
92.828255971
86.3141857797
65.2457772544
73.1114193008
16.6276559638
91.1357299044
59.8345044702
67.6731527772
80.7696866639
74.2909299425
79.1696457636
39.3615597539
85.8056130756
80.8208899373
97.4414782695
64.6798572179
99.1440504304
36.8537876823
80.53188706
26.5753751875
50.6309095935
75.4222863454
94.9045938271
86.7796931496
95.079429355
57.4374888491
90.0710029046
91.2212998609
81.8848325911
78.4302794244
38.8438104361
35.4052004674
69.7500208731
52.5957802182
47.7019738935
65.9208002828
42.6587119213
39.7605624033
52.1050238371
69.2247186731
67.3787574738
37.4379540952
69.3414829765
44.8011492481
23.7700973504
80.3572928673
43.4637579632
42.9316624189
