neithertonpolytechnic;2004;1;CSC;300
36.8857277278
40.0659256525
72.8833965908
72.7523057045
57.7585052262
21.9904069109
69.6694751936
86.7037883132
32.2312830385
90.8319382908
45.7133709814
7.06753581859
75.4254480847
92.9412468013
82.9012439192
92.304243765
54.3861956165
60.1977171896
49.6282229953
86.4237867725
25.5486562225
68.5864518503
66.974077491
79.9602385141
82.5922838559
71.5138413295
21.9031531181
90.2513925798
44.3113380003
60.1790685517
89.0466271449
66.988226188
99.6611986949
81.5651397373
79.7429336637
67.0907680606
97.3053863579
30.7874364729
88.866988828
76.9071201467
95.9879321926
79.053100001
59.5907903093
39.2964779322
39.5726040421
69.1189191822
28.0690026699
99.7750673845
85.6190907319
97.7945586528
91.2150457612
74.0366278562
41.511468104
37.3123413779
48.1485950245
93.6921167051
87.8063336249
93.2203400033
99.4099236655
