neithertonpolytechnic;2004;2;CSC;202
67.6487665604
73.3918087147
85.9595003623
81.1725579569
94.8734664758
81.4903610462
78.489919029
70.0910300831
57.227357628
79.843819496
61.8717005634
93.5699927307
88.5666363484
84.8322307212
55.2504681343
56.6616740512
49.2236493898
93.8578007946
61.9886374304
65.4286044951
72.2861252076
90.8121316677
88.3414022402
90.3762411443
66.6358029671
25.8153435305
63.6516045772
69.39218395
66.8500490979
11.3098786912
86.4662413848
26.9549614321
73.5417137696
23.7018810972
76.1069370772
71.1229062368
70.2146816402
78.3480835202
50.0349470899
37.4918543142
67.5903477982
41.5924074037
58.8391765441
66.3448895774
97.815562503
99.6729973703
53.0504276338
72.3177458439
46.0151835208
54.9838065677
91.5105791509
81.1995777205
42.1846699421
68.0877810097
93.4808470122
68.1428362992
74.9733424995
55.6475539062
85.4650754169
67.1379809755
54.9011277162
87.7337945072
49.9929153018
71.9858644806
52.9685345098
97.287277901
84.776146654
57.1559692566
71.4377486507
54.6201667788
48.8912849072
52.7021753411
68.9616137147
62.0567666927
59.2137005508
40.1356079171
20.0944681391
93.9205891772
55.7714753789
33.015669163
72.4904263389
69.0499259272
49.5188707804
53.6505470284
72.21861573
46.8674816312
97.5897125993
87.6135780126
22.8886627736
78.3042347419
95.5525639965
44.5397037236
58.9463202096
84.4992108076
78.8839014465
90.3878129373
92.2752956518
48.2938356171
83.7036734261
88.8312909203
