neithertonpolytechnic;2004;2;CSC;202
33.1681323774
60.3681690323
99.1755928879
69.0152375509
96.4580543146
71.200124873
93.6270401823
96.9039246524
72.9569921203
80.5966197981
36.535886852
24.8111904494
77.7255256489
47.1148229197
97.4147263786
44.0694111129
23.3475108698
82.4059936585
62.8288970056
66.7086782145
62.5864284254
82.4822287358
62.6638157472
81.4997593339
89.9514640603
34.2853496456
60.1778848018
95.2750853294
89.5159026845
74.2156083336
81.0049321564
64.8599848193
92.5955766705
39.3303626676
59.9360113186
48.8360311447
75.0939375876
91.9386753656
71.1567778032
53.2263924612
93.444066723
37.5539823
76.8721610596
82.361568595
61.6485198166
48.9566690515
54.6876992895
78.2518704649
17.8366743532
71.9359545414
72.7390382148
80.7688255074
78.1177736846
89.5749901141
66.8795553518
40.289704603
93.5027045568
95.1331976704
32.2876932059
80.8173465447
56.4848831465
92.4526288271
48.6580875295
20.6831987687
99.1537615311
98.276702036
55.7135100435
56.5437404852
83.7785210432
86.9935718025
65.8025953613
97.3748925539
58.8376086444
85.8641933455
60.5154179881
90.4594619101
85.3099735467
75.6066628413
71.1309696563
79.2296596291
80.8241838719
47.0736169558
38.33225155
99.8254446275
79.042891167
89.6417426823
87.9420365372
94.5695703085
75.5492073689
54.3236073114
62.6694610867
68.657497073
90.4246294193
26.9247573752
84.4423434663
76.3525631829
53.5597704736
62.0955715124
87.5925372859
63.7992538648
77.4634202404
